1 - 3 Route des Hauts de Veysonnaz, 1992 Veysonnaz, Switzerland
115 Le, Foncet 115, 2534 Orvin, Switzerland
134 Rosswald Rosswald, 3913, Switzerland
1452 Bullet, Switzerland
1454 Auberson, Switzerland
1659 Rougemont, Switzerland
1873 Val-d'Illiez, Switzerland
1884 Ollon, Switzerland
1925 Finhaut, Switzerland
1944 Orsières, Switzerland
1946 Bourg-Saint-Pierre, Switzerland
1972 anzere, Rue du Wildhorn 5, 1972 Anzère, Switzerland
1987 Hérémence, Switzerland
1988 Vex, Switzerland
1993 Sion, Switzerland
20 chemin de Courtelette, 1997 Haute-Nendaz, Switzerland
2037 Val-de-Ruz, Switzerland
3, Tschappina, Switzerland
3723 Reichenbach im Kandertal, Switzerland
3755 Diemtigen, Switzerland
3765 Oberwil, Switzerland
38 Chemin de la Prairie, 1987 Hérémence, Switzerland
3818 Grindelwald, Switzerland
3822 Lauterbrunnen, Switzerland
3823 Lauterbrunnen, Switzerland
3825 Lauterbrunnen, Switzerland
3855 Brienz, Switzerland
3901 Rothwald, Switzerland
3905 Saas-Almagell, Switzerland
3910 Saas-Grund, Switzerland
3910, Switzerland
3913 Rosswald, Switzerland
3914 Blatten bei Naters, Switzerland
3914 Naters, Switzerland
3918 Wiler, Switzerland
3925 Grächen, Switzerland
3933 Staldenried, Switzerland
3961 Anniviers, Switzerland
3961 Grimentz, Switzerland
3961 Saint-Luc, Switzerland
3992 Bettmeralp, Switzerland
3997 Bellwald, Switzerland
4 Bis Rue du Lt Colonel Loichot, 25140 Fournet-Blancheroche, France
54 route de la Niva, 1984 Les Haudères, Switzerland
6003 Lucerne, Switzerland
6006 Lucerne, Switzerland
6084 Hasliberg, Switzerland
6196 Marbach, Switzerland
6375 Beckenried, Switzerland
6430 Schwyz, Switzerland
6433, Switzerland
6436 Bisisthal, Switzerland
6461 Isenthal, Switzerland
6565 Mesocco, Switzerland
6685 Bosco Gurin, Switzerland
6781 Bedretto, Switzerland
6781, Zona Ronco Bedretto, 6781 Bedretto, Switzerland
7132 Vals, Switzerland
7134 Obersaxen, Switzerland
7165 Breil/Brigels, Switzerland
7189 Tujetsch, Switzerland
7212 Seewis im Prättigau, Switzerland
7250 Klosters-Serneus, Switzerland
7310 Bad Ragaz, Switzerland
7438 Hinterrhein, Switzerland
7516 Bregaglia, Switzerland
7530 Zernez, Switzerland
7532 Val Müstair, Switzerland
7536 Val Müstair, Switzerland
7550 S-charl, Switzerland
7550 Scuol, Switzerland
8784 Glarus Süd, Switzerland
8843 Schwyz, Switzerland
8898 Flums, Switzerland
8898 Quarten, Switzerland
9100 Herisau, Switzerland
Aabachstrasse 8, 8716 Schmerikon, Switzerland
Abendweidstrasse 8, 8898 Flums, Switzerland
Abendweidstrasse 9, 8898 Flums, Switzerland
Abländschenstrasse 55, 1657 Abländschen, Switzerland
Ackersand 2, 3922 Stalden, Switzerland
Adam-Friedrich-Molz-Gasse 8, 2502 Biel, Switzerland
Adligenswilerstrasse 22, 6006 Luzern, Switzerland
Aegerta, 7064 Tschiertschen, Switzerland
Aegertenstrasse 12, 3775 Lenk, Switzerland
Aemisegg 125, 9127 St. Peterzell, Switzerland
Aeschiriedstrasse 5, 3703 Aeschi bei Spiez, Switzerland
Aeschistrasse 43, 3702 Hondrich, Switzerland
Aeschlenstrasse 18, 3654 Gunten, Switzerland
Aeuli 7, 7304 Maienfeld, Switzerland
Aewil 487, 9608 Ganterschwil, Switzerland
Al Quatro 4, 6705 Cresciano, Switzerland
Al Stradon da Coi 22, 6678 Coglio (Vallemaggia), Switzerland
Albulastrasse 30, 7472 Surava, Switzerland
Aletschbord 20, 3914 Belalp, Switzerland
Aletschpromenade 101, 3987 Riederalp, Switzerland
Aletschpromenade 112, 3987 Riederalp, Switzerland
Aletschpromenade 160, 3987 Riederalp, Switzerland
All. du Port 8, 2013 Colombier, Switzerland
Alleestrasse 9, 3703 Aeschi bei Spiez, Switzerland
Allmend 37B, 3116 Noflen, Switzerland
Allmendstrasse 3/24, 3860 Meiringen, Switzerland
Allmigässli 53, 3703 Aeschiried, Switzerland
Allmiried, 3756 Diemtigen, Switzerland
Almagellerhof Dörfliweg 28a, 3905, Switzerland
Alp Es-Cha, 7523 Madulain, Switzerland
Alp Sellamatt, 9656 Alt St. Johann, Switzerland
Alpbachallee 3, 3860 Meiringen, Switzerland
Alpenstrasse 11, 6390 Engelberg, Switzerland
Alpenstrasse 16, 3800 Interlaken, Switzerland
Alpenstrasse 3, 6004 Luzern, Switzerland
Alpenweg 6, 3715 Adelboden, Switzerland
Alpina, Hotel, 7165 Breil-Brigels, Switzerland
Alpinaweg 3, 8784 Braunwald, Switzerland
Alpine Holiday Services Panoramapark Soleil, 3823 Wengen BE, Switzerland
Alpine Village Lauchernalp, 3918 Wiler (Lötschen), Switzerland
Alpmatten 237, 3992 Betten, Switzerland
Alpweg 33, 7074 Malix, Switzerland
Altanca 41, 6777 Quinto, Switzerland
Alte Adelbodenstrasse 18, 3725 Frutigen, Switzerland
Alte G. 10, 3704 Krattigen, Switzerland
Alte Post 363, 3764 Weissenburg, Switzerland
Alte Spinnerei 12, 8877 Murg, Switzerland
Alte Str. 23, 8766 Matt, Switzerland
Alte Str. 37, 3715 Adelboden, Switzerland
Alteinstrasse 35, 7050 Arosa, Switzerland
Am Pl. 3, 7310 Bad Ragaz, Switzerland
Ambrieschweg 1, 7074 Malix, Switzerland
Angerboden Riedern 3755, 3755 Diemtigen, Switzerland
Appenbergstrasse 36, 3532 Zäziwil, Switzerland
Arflina 195D, 7235 Fideris, Switzerland
Arfusch 171, 7546 Ardez, Switzerland
Ariane Giobellina, 1854 Leysin, Switzerland
Arnika, Chalet, Saastalstrasse 316, 3910 Saas-Grund, Switzerland
Arvenbüelstrasse 47, 8873 Amden, Switzerland
Arvins 49, 7522 La Punt-Chamues-ch, Switzerland
Aspen 1, 3818 Grindelwald, Switzerland
Au Village, 2354 Goumois, Switzerland
Ausserschwandstrasse 10A, 3715 Adelboden, Switzerland
Av. Centrale 148, 1884 Ollon, Switzerland
Av. Centrale 152, 1884 Villars-sur-Ollon, Switzerland
Av. Centrale 163, 1884 Villars-sur-Ollon, Switzerland
Av. Centrale 31, 1885 Ollon, Switzerland
Av. Centrale 85, 1884 Villars-sur-Ollon, Switzerland
Av. Secrétan 10, 1854 Leysin, Switzerland
Av. de Belmont 18, 1820 Montreux, Switzerland
Av. de Chillon 24, 1820 Veytaux, Switzerland
Av. des Glariers 1, 1860 Aigle, Switzerland
Av. du Casino 32, 1820 Montreux, Switzerland
Av. du Grand-Saint-Bernard 41, 1920 Martigny, Switzerland
Av. du Valais 2, 1896 Vouvry, Switzerland
Axalphornweg 7, 3855 Axalp, Switzerland
Axalpstrasse 106, 3855 Axalp, Switzerland
Axalpstrasse 152, 3855 Axalp, Switzerland
Axenstrasse 7, 6440 Brunnen SZ, Switzerland
Bachstrasse 110, 3920 Zermatt, Switzerland
Bachstrasse 15, 7434 Sufers, Switzerland
Bachtolastrasse 4, 3944 Unterbäch, Switzerland
Badgässli 3, 3775 Lenk, Switzerland
Badstrasse 20, 3775 Lenk, Switzerland
Badstrasse 9A, 7310 Bad Ragaz, Switzerland
Bahnhofstrasse 1, 8716 Schmerikon, Switzerland
Bahnhofstrasse 107, 9240 Uzwil, Switzerland
Bahnhofstrasse 12, 7250 Klosters-Serneus, Switzerland
Bahnhofstrasse 15, 3920 Zermatt, Switzerland
Bahnhofstrasse 16, 7304 Maienfeld, Switzerland
Bahnhofstrasse 2, 3780 Gstaad, Switzerland
Bahnhofstrasse 2, 7260 Davos, Switzerland
Bahnhofstrasse 3, 7057 Langwies, Switzerland
Bahnhofstrasse 3, 7482 Bergün/Bravuogn, Switzerland
Bahnhofstrasse 31, 7130 Ilanz, Switzerland
Bahnhofstrasse 36, 3777 Saanenmöser, Switzerland
Bahnhofstrasse 48, 3942 Raron, Switzerland
Bahnhofstrasse 55, 3920 Zermatt, Switzerland
Bahnhofstrasse 57, 7302 Landquart, Switzerland
Bahnhofstrasse 7, 3753 Oey, Switzerland
Bahnhofstrasse 7, 3777 Saanen, Switzerland
Bahnhofstrasse 88, 3985 Münster, Switzerland
Bahnhofstrasse 9, 3938 Ausserberg, Switzerland
Balm 40, 6436 Muotathal, Switzerland
Balma 164A, 7132 Vals, Switzerland
Bar au Garage 3963, 1 Crans-Montana, Switzerland
Bartholomépl. 4, 7310 Bad Ragaz, Switzerland
Baslerstrasse 9, 7260 Davos, Switzerland
Bauenstrasse 1, 6466 Isleten, Switzerland
Bd des Endroits 94, 2300 La Chaux-de-Fonds, Switzerland
Beim Pfrundhaus 417A, 3822 Lauterbrunnen, Switzerland
Beim alten Schulhaus 428, 3822 Lauterbrunnen, Switzerland
Bellerivestrasse 27, 3780 Gstaad, Switzerland
Bellevue 8, 2117 La Côte-aux-Fées, Switzerland
Bellevuestrasse 15, 3715 Adelboden, Switzerland
Bellwalderstrasse 416, 3997 Bellwald, Switzerland
Belmontstrasse 1, 7000 Chur, Switzerland
Belvédère 20, 1854 Leysin, Switzerland
Berg 712, 3537 Eggiwil, Switzerland
Berg, 7215 Fanas, Switzerland
Berghaus, Obergmeind, 7428 Tschappina, Switzerland
Berghuus Radons, 7460 Savognin, Switzerland
Bergli 33, 3754 Diemtigen, Switzerland
Berglistutz 4, 7270 Davos, Switzerland
Bergmattenweg 4, 3777 Saanen, Switzerland
Bergstrasse 1, 9113 Degersheim, Switzerland
Bergstrasse 161, Bergstrasse 158, 8897 Flums, Switzerland
Bergstrasse 25, 9497 Triesenberg, Liechtenstein
Bergwelt 4, 3818 Grindelwald, Switzerland
Bergwerkstrasse 36, 5027 Herznach, Switzerland
Bernhard-Simonstrasse 20, 7310 Bad Ragaz, Switzerland
Bernina Suot 3, 7504 Pontresina, Switzerland
Bernstrasse 1, 3600 Thun, Switzerland
Betelberg, 3775 Lenk, Switzerland
Betliserstrasse 16 Für Navigationssystem 8873 Amden eingeben, 8872 Weesen, Switzerland
Beundenstrasse 12, 3852 Ringgenberg, Switzerland
Biberegg, 6418 Rothenthurm, Switzerland
Bielweg 4, 3934 Zeneggen, Switzerland
Bienenheimstrasse 1, 8873 Amden, Switzerland
Bieutistrasse 10, 3995 Ernen, Switzerland
Binzenegg 10, 6452 Morschach, Switzerland
Birchiweg 35, 3984 Fiesch, Switzerland
Birri 2, 3956 Guttet-Feschel, Switzerland
Blattenstrasse 1, 3919 Blatten, Switzerland
Blattenstrasse 62, 3919 Blatten (Lötschen), Switzerland
Blausee Naturpark, 3717 Blausee, Switzerland
Blomattenweg 2, 3906 Saas-Fee, Switzerland
Bluche, Rue Saint-François 1, 3975 Crans-Montana, Switzerland
Blumental 918D, 3825 Mürren, Switzerland
Bodaweg 2, 7435 Splügen, Switzerland
Bodmachrastrasse 26, 3901 Birgisch, Switzerland
Bodmumattenstrasse, 3932 Visperterminen, Switzerland
Bois Raigel 219, 2608 Cortébert, Switzerland
Bollerstrasse 3, 3715 Adelboden, Switzerland
Bonistock 1, 6068 Kerns, Switzerland
Boscaweg 7, 7252 Klosters-Serneus, Switzerland
Boschetto 8, 6675 Cevio, Switzerland
Bovelweg 16, 7304 Maienfeld, Switzerland
Brandeggstrasse 28, 3818 Grindelwald, Switzerland
Braunwaldalp, 8784 Glarus Süd, Switzerland
Bravuogn, 7482 Bergün/Bravuogn, Switzerland
Breiten 1, 3983 Mörel-Filet, Switzerland
Breiten 8, 3983 Mörel-Filet, Switzerland
Brentsch 417, 7550 Scuol, Switzerland
Brienzstrasse 38, 3800 Interlaken, Switzerland
Brienzstrasse 42, 3800 Interlaken, Switzerland
Bruchegg 1, 3914 Belalp, Switzerland
Bruchegg, 3914 Belalp, Switzerland
Brunnäckerstrasse 6, 5618 Bettwil, Switzerland
Bruschgaleschg, 7107 Safien, Switzerland
Brücke 49, 7132 Vals, Switzerland
Brünig 617, 3860 Brünig, Switzerland
Brünigen 680, 3860 Meiringen, Switzerland
Brünigstrasse 12, 6053 Alpnachstad, Switzerland
Brünigstrasse 232, 6078 Bürglen, Switzerland
Brünigstrasse 48, 6074 Giswil, Switzerland
Brünigstrasse 621, 3860 Meiringen, Switzerland
Buchenstrasse 2, 7310 Bad Ragaz, Switzerland
Buchserbergstrasse, 9470 Buchs, Switzerland
Bumbach, 6197 Schangnau, Switzerland
Bundespl. 18, 6003 Luzern, Switzerland
Buochserstrasse 54, 6375 Beckenried, Switzerland
Buochserstrasse 71, 6375 Beckenried, Switzerland
Burgbühl 50, 1713 St. Antoni, Switzerland
Burgerrietstrasse 4, 8730 Uznach, Switzerland
Burgisteinstrasse 5, 3665 Wattenwil, Switzerland
Bälliz 208, 3766 Boltigen, Switzerland
Bänklialpweg 25, 6390 Engelberg, Switzerland
Bärengasse 1, 6490 Andermatt, Switzerland
Bärgjistrasse 466, 3925 Grächen, Switzerland
Büetschli, 6197 Schangnau, Switzerland
Bühl 3, 3416 Affoltern im Emmental, Switzerland
Bühlbergstrasse 1, 3775 Lenk, Switzerland
Bühlbergstrasse 108, 3775 Lenk, Switzerland
Bühlbergstrasse 162, 3775 Lenk, Switzerland
Bühlbergstrasse 91, 3775 Lenk, Switzerland
Bündte 1, 7304 Maienfeld, Switzerland
Bürgenstock Resort Lake Lucerne, 6363 Obbürgen, Switzerland
CP, Les Clèves 254, 1997 Nendaz, Switzerland
Cabane du Vieux-Emosson Route du Vieux-Emosson, La Gueulaz, 1925 Finhaut, Switzerland
Camanaboda 12, 7109 Thalkirch, Switzerland
Camping Islas, 7477 Filisur, Switzerland
Camping Jaunpass, Nummer 6, 3766 Boltigen, Switzerland
Camping Maloja Plan Curtinac Isola 8, 7516 Maloja, Switzerland
Camping Schönengrund, Hauptstrasse 43, 9105 Schönengrund, Switzerland
Camping de passage, 1897, Switzerland
Camping,, Hauptstrasse 43A, 9105 Schönengrund, Switzerland
Campingstrasse 18, 7435 Splügen, Switzerland
Canton Zott 1-4, 6682 Linescio, Switzerland
Capolago 63, 7516 Maloja, Switzerland
Cará de Dósc 11, 6538 Verdabbio, Switzerland
Casa Rosa, 6611 Crana, Switzerland
Case Pedrazzini 1, 6684 Campo (Vallemaggia), Switzerland
Caspar Wolf-Weg 1, 5630 Muri, Switzerland
Castannaweg 21, 7243 Pany, Switzerland
Cavadura 44, 7214 Grüsch, Switzerland
Cavadura, 7214 Grüsch, Switzerland
Ch. des Cergnets 1 bis, Cergnat, 1863 Ormont-Dessous, Switzerland
Ch. du Dailley 3, 1922 Les Granges, Switzerland
Cha d'Mez 8, 7502 Bever, Switzerland
Chalet 37, 3913 Rosswald, Switzerland
Chalet 53, Chem. des Geais 12, 1988 Les Masses, Switzerland
Chalet Adler, Waldbort 1, 3823 Wengen BE, Switzerland
Chalet Erika AG, Wengen 3823, Switzerland
Chalet Feuz Bätzenboden, 3823 Wengen BE, Switzerland
Chalet Ilse, Haldenweg 31, 3914 Blatten, Switzerland
Chalet Mischabel, Rischinustrasse 105, 3914 Blatten bei Naters, Switzerland
Chalet Primula, 3823 Wengen BE, Switzerland
Chalet Rapunzel, 3997 Bellwald, Switzerland
Chalet Roossi, 3823 Wengen BE, Switzerland
Chalet Samson 17, 3920 Zermatt, Switzerland
Chalet Schlüecht, 3995 Ernen, Switzerland
Chalet Sole 80,3913 Rosswald, 3913, Switzerland
Chalet Spieliweida, 3925 Grächen, Switzerland
Chalet Weekend, 3992 Bettmeralp, Switzerland
Chalet Zum Bären, 3997 Bellwald, Switzerland
Chamois, le, Le Diablerets, La Gare 52, 1865 Ormont-Dessus, Switzerland
Champ-du-Moulin-Dessus, 2149 Brot-Dessous, Switzerland
Chantun Sura 21, 7545 Guarda, Switzerland
Chapfstrasse 69, 8873 Amden, Switzerland
Chappelmattweg 4, 6402 Merlischachen, Switzerland
Chasa Sassalba, Via Maistra 22, 7534 Lü, Switzerland
Chem. Chenevière 2, 1279 Bogis-Bossey, Switzerland
Chem. Cierne des Paccots 40, 1619 Châtel-Saint-Denis, Switzerland
Chem. Combe La Noire 7, 2350 Saignelégier, Switzerland
Chem. Mon-Loisir 27, 2208 Les Hauts-Geneveys, Switzerland
Chem. au Grand Bois 4, 1846 Chessel, Switzerland
Chem. d'Orzival 10, 3967 Vercorin, Switzerland
Chem. da Oue 58, 1997 Nendaz, Switzerland
Chem. de Basuges 19, 2022 Bevaix, Switzerland
Chem. de Champ-Jaccoud 9, 1807 Blonay, Switzerland
Chem. de Corin 2, 3963 Crans-Montana, Switzerland
Chem. de Font Dessous 22, 1945 Liddes, Switzerland
Chem. de Fréha 33a, 1978 Lens, Switzerland
Chem. de La Lavanche 6, 1865 Les Diablerets, Switzerland
Chem. de Planchouet 168, 1997 Haute-Nendaz, Switzerland
Chem. de Plantachoux, 1260 Nyon, Switzerland
Chem. de Plénadzeu 3, 1936 Verbier, Switzerland
Chem. de Puys 16, 1873 Val-d'Illiez, Switzerland
Chem. de Tsamandon, 1997 Nendaz, Switzerland
Chem. de Tsamodet 36, 1944 La Fouly, Switzerland
Chem. de l'Eglise 12, 1961 Vernamiège, Switzerland
Chem. de l'Ermitage 40, 1619 Paccots, Switzerland
Chem. de l'Etroit 3, 1462 Yvonand, Switzerland
Chem. de l'Hôtel Mirador 5, 1801 Chardonne, Switzerland
Chem. de l'Impératrice, 1824 Montreux, Switzerland
Chem. de la Barmète 7, 1936 Verbier, Switzerland
Chem. de la Bourgeoisie 11, 1988 Vex, Switzerland
Chem. de la Chapelle 25, 1955 Chamoson, Switzerland
Chem. de la Corbaz 53, 1865 Les Diablerets, Switzerland
Chem. de la Digue 15, 3963 Lens, Switzerland
Chem. de la Dullive 2, 1196 Gland, Switzerland
Chem. de la Fontaine 2, 1805 Jongny, Switzerland
Chem. de la Forge 5, 1863 Le Sépey, Switzerland
Chem. de la Forêt 6, 1986 Arolla, Switzerland
Chem. de la Fragnière 157, 1997 Nendaz, Switzerland
Chem. de la Grangette-Bellevue 11, 1450 Sainte-Croix, Switzerland
Chem. de la Louvière 15, 2362 Montfaucon, Switzerland
Chem. de la Nationale 1-10, 3963 Crans-Montana, Switzerland
Chem. de la Pinte 1, 1279 Bogis-Bossey, Switzerland
Chem. de la Pinte, 1279 Bogis-Bossey, Switzerland
Chem. de la Poudrière 20, 1950 Sion, Switzerland
Chem. de la Riedera 10, 1724 Le Mouret, Switzerland
Chem. de la Source 2, 1854 Leysin, Switzerland
Chem. de la Tchoueille 9058, 1993 Veysonnaz, Switzerland
Chem. de la Tchoueille 9134, 1993 Veysonnaz, Switzerland
Chem. de la Tinte 13, 1936 Verbier, Switzerland
Chem. de la Vignette 7, 1122 Romanel-sur-Morges, Switzerland
Chem. de la Vièze 9, 1873 Val-d'Illiez, Switzerland
Chem. des Charmettes 18, 1860 Aigle, Switzerland
Chem. des Clojoues 13, 3963 Crans-Montana, Switzerland
Chem. des Clos 1, 2073 Enges, Switzerland
Chem. des Eaux-Vives 17, 1752 Villars-sur-Glâne, Switzerland
Chem. des Esserts 12, 1955 Chamoson, Switzerland
Chem. des Esserts 2, 1955 Chamoson, Switzerland
Chem. des Fenils 18, 1884 Ollon, Switzerland
Chem. des Fleurettes 21, 1854 Leysin, Switzerland
Chem. des Flives 7, 3967 Vercorin, Switzerland
Chem. des Frasses 3, 1865 Les Diablerets, Switzerland
Chem. des Leppes 8b, 1816 Montreux, Switzerland
Chem. des Palettes 14, 1659 Rougemont, Switzerland
Chem. des Payernettes 12, 1860 Aigle, Switzerland
Chem. des Perce-Neige 4, 1264 Saint-Cergue, Switzerland
Chem. des Plantaz 47, 1260 Nyon, Switzerland
Chem. des Rairettes 103, 1997 Nendaz, Switzerland
Chem. des Seytines 11, 1264 Saint-Cergue, Switzerland
Chem. des Sports 10, 2350 Saignelégier, Switzerland
Chem. des Vergers 1, 1895 Vionnaz, Switzerland
Chem. des Vernes 2, 1884 Villars-sur-Ollon, Switzerland
Chem. du Bel'Oiseau 48, 2882 Saint-Ursanne, Switzerland
Chem. du Bindzi 27, 1947 Bagnes, Switzerland
Chem. du Bisse 2, 1938 Orsières, Switzerland
Chem. du Bourgo 14, 1663 Gruyères, Switzerland
Chem. du Béthania 1, 3963 Crans-Montana, Switzerland
Chem. du Castor 5, 1663 Moléson-Village, Switzerland
Chem. du Coteau 1, 1400 Yverdon-les-Bains, Switzerland
Chem. du Grand Hôtel 28, 2067 Neuchâtel, Switzerland
Chem. du Mont-Blanc 1, 3963 Crans-Montana, Switzerland
Chem. du Pont de Pierre 63, 1911 Leytron, Switzerland
Chem. du Roc de l'Aigle 11, 1860 Aigle, Switzerland
Chem. du Signal 32, 1807 Blonay, Switzerland
Chem. du Vieux Port 1a, 1897 Port-Valais, Switzerland
Chemin d'Arpette 9, 1938 Champex-Lac, Switzerland
Chemin d'Eterpey 14, 1997 Nendaz, Switzerland
Chemin de l'Ecole 4, 1984 Les Haudères, Switzerland
Chemin de l’Etoile Polaire 3, 1453 Bullet, Switzerland
Chemin des Affortses 4, 1981 Vex, Switzerland
Chemin des Bruyères 2, 1423 Fontanezier, Switzerland
Chemin des Capucines no 1, 1865 Les Diablerets, Switzerland
Chemin des Cibles 17, 1997 Haute-Nendaz, Switzerland
Chemin des, Les six Poses 2, 1847 Rennaz, Switzerland
Chemin du Canada 3,, 1983 Evolène, Switzerland
Chemin du Champ de l'Haut 2, 1486 Vuissens, Switzerland
Chemin du Lac 1, Taney, 1896 Miex, Switzerland
Chemin du Tunnel 2, 1873 Les Crosets, Switzerland
Chesa Acla 4, 7514 Sils im Engadin/Segl, Switzerland
Chetzeron, 3963 Crans-Montana, Switzerland
Chez Bénet 7, 2116 Buttes, Switzerland
Chez l'Assesseur 119, 2610 Mont-Soleil, Switzerland
Chez le Grand-Jacques 7, 1347 Solliat, Switzerland
Chiematta 1, 3914 Blatten bei Naters, Switzerland
Chilchstatt 751a, 3826 Gimmelwald, Switzerland
Chilchweg 5, 7050 Arosa, Switzerland
Chläb, 5105 Auenstein, Switzerland
Chrüzeggstrasse, 9630 Wattwil, Switzerland
Churer Strasse 10, 9485 Nendeln, Liechtenstein
Châtelard-Frontière 16 A, 1925 Finhaut, Switzerland
Chännel 1, 6067 Melchtal, Switzerland
Classic, Hôtel, La Cité 4, 1854 Leysin, Switzerland
Clos-d'Amont 2, 1638 Morlon, Switzerland
Clou Delle 2, 1923 Les Marécottes, Switzerland
Col du Marchairuz, 1348 Le Brassus, Switzerland
Colline de Daval 5, 3960 Sierre, Switzerland
Combaz d'Amont 15, 1669 Montbovon, Switzerland
Combe de l'A, 1945 Liddes, Switzerland
Comercialstrasse 32, 7000 Chur, Switzerland
Commeire, 1937 Orsières, Switzerland
Corea 2, 6664 Vergeletto, Switzerland
Craistas 10, 7536 Santa Maria Val Müstair, Switzerland
Crappun 18, 7503 Samedan, Switzerland
Craps 80, 7149 Vrin, Switzerland
Crasta 2, 7514 Fex, Switzerland
Cresta 6, 7242 Luzein, Switzerland
Crestasweg 4, 7563 Samnaun, Switzerland
Crusch Plantaun 217, 7527 Zernez, Switzerland
Crusch Plaunun, 7527 Brail, Switzerland
Cude, 7165 Breil/Brigels, Switzerland
Culögnas 37, 7502 Bever, Switzerland
Cunter, Stradung 18, 7452 Surses, Switzerland
Cuort 27, 7165 Breil/Brigels, Switzerland
Cuort 31, 7165 Breil/Brigels, Switzerland
Curscheglias 82, 7433 Donath, Switzerland
Curtginatsch, 7433 Casti-Wergenstein, Switzerland
Curtinatsch 4, 7176 Cumpadials, Switzerland
Davos Chigiosch 361, 7158 Waltensburg, Switzerland
Davos Dorf Promenade 116 Dorf, 7260 Davos, Switzerland
Degenstrasse 2, 7208 Malans, Switzerland
Delphinstrasse 26, 5616 Meisterschwanden, Switzerland
Deltapark AG, Deltaweg 29, 3645 Gwatt, Switzerland
Diemtigtalstrasse 10, 3753 Oey, Switzerland
Dieschen sot 18, 7078 Lenzerheide, Switzerland
Dieschen sot 8, 7078 Lenzerheide, Switzerland
Diogne CH, Rte de Diogne 9, 3963 Crans-Montana, Switzerland
Doggilochstrasse 36, 7250 Klosters-Serneus, Switzerland
Doldenhornstrasse 26, 3718 Kandersteg, Switzerland
Dom, Hotel, Innere, Saastalstrasse 10, 3910 Saas-Grund, Switzerland
Domaine de Rochegrise, Rte du Col de la Croix 23, 1884 Villars-sur-Ollon, Switzerland
Domleschgerstrasse 37, 7413 Fürstenau, Switzerland
Donnerstafel 34, 3992 Bettmeralp, Switzerland
Dorf 12, 7433 Casti-Wergenstein, Switzerland
Dorf 20, 9127 St. Peterzell, Switzerland
Dorf 219, 3766 Boltigen, Switzerland
Dorf 228, 9658 Wildhaus, Switzerland
Dorf 36, 9488 Schellenberg, Liechtenstein
Dorf 42, 9103 Schwellbrunn, Switzerland
Dorf 493A, 1738 Sangernboden, Switzerland
Dorf 71, 3158 Guggisberg, Switzerland
Dorf 9, 9658 Wildhaus, Switzerland
Dorf 927, 9651 Ennetbühl, Switzerland
Dorf CH, Dorfstrasse 47, 7563 Samnaun, Switzerland
Dorf CH, Ravaisch Str. 12, 7563 Samnaun, Switzerland
Dorf CH, Votlasstrasse 46, 7563 Samnaun, Switzerland
Dorfpl. 1, 3925 Grächen, Switzerland
Dorfpl. 1, 3954 Leukerbad, Switzerland
Dorfpl. 12, 7411 Sils im Domleschg, Switzerland
Dorfpl. 16, 9107 Urnäsch, Switzerland
Dorfpl. 2, 9107 Urnäsch, Switzerland
Dorfpl. 3, 3150 Schwarzenburg, Switzerland
Dorfpl. 5, 6362 Stansstad, Switzerland
Dorfpl., 3925 Grächen, Switzerland
Dorfplatz 3, 3905 Saas-Almagell, Switzerland
Dorfplatz, 7132 Vals, Switzerland
Dorfplatzstrasse 15, 3955 Albinen, Switzerland
Dorfstrasse 1, 3823 Wengen BE, Switzerland
Dorfstrasse 1, 8783 Linthal, Switzerland
Dorfstrasse 10, 6443 Morschach, Switzerland
Dorfstrasse 11, 7438 Hinterrhein, Switzerland
Dorfstrasse 11, 8873 Amden, Switzerland
Dorfstrasse 11, 9656 Alt St. Johann, Switzerland
Dorfstrasse 112, 3934 Zeneggen, Switzerland
Dorfstrasse 115, 3999 Oberwald, Switzerland
Dorfstrasse 12, 6375 Beckenried, Switzerland
Dorfstrasse 133, 3818 Grindelwald, Switzerland
Dorfstrasse 134, 3818 Grindelwald, Switzerland
Dorfstrasse 139, 3932 Visperterminen, Switzerland
Dorfstrasse 14, 3778 Schönried, Switzerland
Dorfstrasse 14, 3862 Innertkirchen, Switzerland
Dorfstrasse 14, 6390 Engelberg, Switzerland
Dorfstrasse 1407H, 3823 Wengen BE, Switzerland
Dorfstrasse 149, 3437 Rüderswil, Switzerland
Dorfstrasse 16, 3714 Frutigen, Switzerland
Dorfstrasse 16, 8638 Goldingen, Switzerland
Dorfstrasse 16, 9122 Mogelsberg, Switzerland
Dorfstrasse 16, 9657 Alt St. Johann, Switzerland
Dorfstrasse 17, 7563 Samnaun, Switzerland
Dorfstrasse 18, 7233 Jenaz, Switzerland
Dorfstrasse 19, 3715 Adelboden, Switzerland
Dorfstrasse 2, 1716 Plaffeien, Switzerland
Dorfstrasse 2, 3115 Gerzensee, Switzerland
Dorfstrasse 21, 3713 Reichenbach im Kandertal, Switzerland
Dorfstrasse 22, 3088 Rüeggisberg, Switzerland
Dorfstrasse 22, 6443 Morschach, Switzerland
Dorfstrasse 23, 7563 Samnaun, Switzerland
Dorfstrasse 24, 8784 Braunwald, Switzerland
Dorfstrasse 26, 3715 Adelboden, Switzerland
Dorfstrasse 28, 3906 Saas-Fee, Switzerland
Dorfstrasse 29, 9108 Gonten, Switzerland
Dorfstrasse 29, 9657 Alt St. Johann, Switzerland
Dorfstrasse 3, 3948 Oberems, Switzerland
Dorfstrasse 30, 7563 Samnaun, Switzerland
Dorfstrasse 31, 3556 Trub, Switzerland
Dorfstrasse 33, 3944 Unterbäch, Switzerland
Dorfstrasse 33, 6390 Engelberg, Switzerland
Dorfstrasse 34, 6454 Flüelen, Switzerland
Dorfstrasse 35, 4303 Kaiseraugst, Switzerland
Dorfstrasse 35, 7563 Samnaun Dorf, Switzerland
Dorfstrasse 36, 7563 Samnaun, Switzerland
Dorfstrasse 36, 8873 Amden, Switzerland
Dorfstrasse 37, 8873 Amden, Switzerland
Dorfstrasse 4, 3782 Lauenen, Switzerland
Dorfstrasse 40, 6390 Engelberg, Switzerland
Dorfstrasse 40, 9108 Gonten, Switzerland
Dorfstrasse 41, 3944 Unterbäch, Switzerland
Dorfstrasse 41, 7563 Samnaun, Switzerland
Dorfstrasse 45, 7563 Samnaun, Switzerland
Dorfstrasse 48, 7563 Samnaun Dorf, Switzerland
Dorfstrasse 49, 3818 Grindelwald, Switzerland
Dorfstrasse 49, 8873 Amden, Switzerland
Dorfstrasse 5, 3661 Uetendorf, Switzerland
Dorfstrasse 5, 3715 Adelboden, Switzerland
Dorfstrasse 53, 3818 Grindelwald, Switzerland
Dorfstrasse 58, 3778 Schönried, Switzerland
Dorfstrasse 6, 9656 Alt St. Johann, Switzerland
Dorfstrasse 60, 3858 Hofstetten bei Brienz, Switzerland
Dorfstrasse 62, 6196 Marbach, Switzerland
Dorfstrasse 7, 7235 Fideris, Switzerland
Dorfstrasse 70, 6377 Seelisberg, Switzerland
Dorfstrasse 74, 3792 Saanen, Switzerland
Dorfstrasse 77, 3715 Adelboden, Switzerland
Dorfstrasse 8, 3703 Aeschi bei Spiez, Switzerland
Dorfstrasse 83, 3918 Wiler (Lötschen), Switzerland
Dorfstrasse, 3088 Rüeggisberg, Switzerland
Dorfstrasse, 6086 Hasliberg, Switzerland
Dorfweg 1, 3906 Saas-Fee, Switzerland
Dorfweg 462, 3925 Grächen, Switzerland
Dorfweg 465, 3925 Grächen, Switzerland
Dorfweg Jeizinen 2, 3945 Gampel, Switzerland
Dorta 69, 7524 Zuoz, Switzerland
Dottenried 2, 6423 Seewen, Switzerland
Dreiegglistrasse 10, 9633 Neckertal, Switzerland
Dunkel-Blaue-Maus, Dunkel Edith, 3860 Meiringen, Switzerland
Duxgasse 55, 9494 Schaan, Liechtenstein
Dörfli 1370, 8878 Quinten, Switzerland
Dörfli-Blomberg 2888, 9642 Ebnat-Kappel, Switzerland
Dörflistrasse 3, 9656 Alt St. Johann, Switzerland
Dörflistrasse, 9656 Alt St. Johann, Switzerland
Ebnetstrasse 52, 3982 Bitsch, Switzerland
Egg 97, 3757 Diemtigen, Switzerland
Eggastrasse 25, 7050 Arosa, Switzerland
Eggberge 13, 6460 Altdorf, Switzerland
Eggberge 2, 6460 Altdorf, Switzerland
Eggli 954B, 3825 Mürren, Switzerland
Egglistrasse 24, 3780 Gstaad, Switzerland
Eichbergstrasse 38, 5707 Seengen, Switzerland
Eichholzweg 6, 9495 Triesen, Liechtenstein
Eingang Hauptstrasse, Stradung 20, 7460 Savognin, Switzerland
Eistmattenweg 4, 3935 Bürchen, Switzerland
Embergrain 31, 3612 Steffisburg, Switzerland
Emmitweg 78, 3656 Sigriswil, Switzerland
Emserstrasse 4, 7000 Chur, Switzerland
En Allière, 1634 Hauteville, Switzerland
En Bas-le-Port 8, 2088 Cressier, Switzerland
Engelbergerstrasse 66, 6390 Engelberg, Switzerland
Engelmattstrasse 16, 3998 Reckingen, Switzerland
Engelsburg 12, 6068 Kerns, Switzerland
Engersch, 3957 Bratsch, Switzerland
Engi 448/a, 6086 Hasliberg Reuti, Switzerland
Englisch-Gruss-Strasse 6, 3900 Brig-Glis, Switzerland
Englischer Viertel 3, 3920 Zermatt, Switzerland
Engstligenalp, 3715 Adelboden, Switzerland
Erbji 21, 3924 Gasenried, Switzerland
Erlenweg 36, Erlenweg 34, 6390 Engelberg, Switzerland
Esp. Léopold-Robert 2, 2000 Neuchâtel, Switzerland
Ey 93, 3807 Iseltwald, Switzerland
Eygasse 5, 3945 Gampel, Switzerland
Eystrasse 2, 3775 Lenk, Switzerland
Fahrenbühl 393, 3804 Habkern, Switzerland
Fam. Rion -Genoud, Rue du Village 2, 3961 Grimentz, Switzerland
Familie Heidi und Peter Hofstetter-Roos, Widmen, 6162 Entlebuch, Switzerland
Farneren 26, 3624 Thun, Switzerland
Farnern 3, 6017 Ruswil, Switzerland
Fatschél, 7028 Arosa, Switzerland
Feld 17, 3807 Iseltwald, Switzerland
Feldenstrasse 87, 3655 Sigriswil, Switzerland
Feldweg 12, 3998 Gluringen, Switzerland
Ferien- und Gesundheitszentrum, Schwand 2588, 9642 Ebnat-Kappel, Switzerland
Feriendorf 1, 3984 Fiesch, Switzerland
Ferienhaus Mariha, Schwandstrasse, 3718 Kandersteg, Switzerland
Ferret 6, 1944 La Fouly, Switzerland
Fexerstrasse 73, 7514 Fex, Switzerland
Fieschertalstrasse 18, 3984 Fieschertal, Switzerland
Finel, 3706 Leissigen, Switzerland
Firstweg 4, 6356 Rigi Kaltbad, Switzerland
Flecklistrasse 40, 3715 Adelboden, Switzerland
Flesche 11, 3920 Zermatt, Switzerland
Flumserbergstrasse 140/142, 8890 Flums, Switzerland
Flumserbergstrasse 151, 8897 Flumserberg Tannenheim, Switzerland
Flumserbergstrasse 152, 8897 Flums, Switzerland
Flumserbergstrasse 171, 8890 Flums, Switzerland
Flumserbergstrasse 182, 8898 Flumserberg, Switzerland
Flumserbergstrasse 184, 8898 Flumserberg, Switzerland
Flüelerstrasse 112, 6460 Altdorf, Switzerland
Flügespitzstrasse 4, 8873 Amden, Switzerland
Fondei, 7054 Langwies, Switzerland
Fontana, 6690 Cevio, Switzerland
Fontauna 32, 7148 Lumbrein, Switzerland
Forststrasse 146, 3997 Bellwald, Switzerland
Frankenstrasse 6, 6003 Luzern, Switzerland
Frasco, 6636 Gerra (Verzasca), Switzerland
Frauholzstrasse 13, 6422 Steinen, Switzerland
Fredi Pinchera, Runatsch 148, 7530 Zernez, Switzerland
Freienhofgasse 3, 3600 Thun, Switzerland
Freienhofgasse 64, 3600 Thun, Switzerland
Freiherrenstrasse 16, 6468 Attinghausen, Switzerland
Frutigenstrasse 22, 3711 Emdthal, Switzerland
Frutt 3, 6068 Kerns, Switzerland
Frutt 9, 6068 Kerns, Switzerland
Fuchsacker 654, 9113 Degersheim, Switzerland
Fuhren 434, 3822 Lauterbrunnen, Switzerland
Funiculaire St-Luc/Chandolin, 3961 Saint-Luc, Switzerland
Furkastrasse 19, 3988 Ulrichen, Switzerland
Furkastrasse 240, 3989 Ritzingen, Switzerland
Furkastrasse 29, 3983 Mörel-Filet, Switzerland
Furkastrasse 338, 3998 Gluringen, Switzerland
Furkastrasse 453, 3998 Reckingen, Switzerland
Furkastrasse 735, 3985 Münster-Geschinen, Switzerland
Furkastrasse 79, 3985 Münster, Switzerland
Furn, 7433 Lohn, Switzerland
Furnatsch 15, 7456 Sur, Switzerland
Furusandstrasse 16, 3905 Saas-Almagell, Switzerland
Fuschigna 2, 7502 Bever, Switzerland
Fuschina 15, 7482 Bergün/Bravuogn, Switzerland
Fyrabigweg 1, 6356 Rigi-Kaltbad, Switzerland
Ganda 21, 7302 Landquart, Switzerland
Ganze Str. 1-4, 3997 Bellwald, Switzerland
Ganze Str. 52-372, 3997 Bellwald, Switzerland
Ganze Str., 3997 Bellwald, Switzerland
Gassa 95, 7132 Vals, Switzerland
Gassa da Cuoz 3, 7186 Segnas, Switzerland
Gasthaus Post 89, 7431 Obermutten, Switzerland
Gasthof Löwen 38, 6197 Schangnau, Switzerland
Gauastrasse 13, 7215 Fanas, Switzerland
Geissbodenweg 1, 7076 Parpan, Switzerland
Gemeindegarten 23, 9485 Nendeln, Liechtenstein
Gemmistrasse 12, 3954 Leukerbad, Switzerland
Gerichummgasse 5, 3704 Krattigen, Switzerland
Gerschniweg 1, 6390 Engelberg, Switzerland
Gewerbestrasse 4, 3600 Thun, Switzerland
Giessbach, 3855 Brienz, Switzerland
Glaciers, résidence des, 1865 Les Diablerets, Switzerland
Glarus Nord CH, Panoramastrasse 28, 8757 Filzbach, Switzerland
Gletscherstrasse 5, 3906 Saas-Fee, Switzerland
Glimmuschir 170, 3913 Rosswald, Switzerland
Glimmuschir, 3913 Rosswald, Switzerland
Golda Andenmatten, Schulhausstrasse 16, 3910 Saas-Grund, Switzerland
Goldbergweg 4, 8716 Schmerikon, Switzerland
Goldgasse 1, 7000 Chur, Switzerland
Golmenstrasse 12, 3987 Riederalp, Switzerland
Goppenstrasse 36, 3954 Leukerbad, Switzerland
Gostenstrasse 20, 8882 Quarten, Switzerland
Gotschnastrasse 19, 7265 Klosters Platz, Switzerland
Gotthardstrasse 2, 6490 Andermatt, Switzerland
Gotthardstrasse 27, 6490 Andermatt, Switzerland
Gotthardstrasse 4, 6353 Weggis, Switzerland
Gotthardstrasse 4, 6490 Andermatt, Switzerland
Gotthardstrasse 58, 6490 Andermatt, Switzerland
Gotthardstrasse 68, 6484 Wassen, Switzerland
Gotthardstrasse 76, 6490 Andermatt, Switzerland
Gotthardstrasse 94, 6490 Andermatt, Switzerland
Gotthelfstrasse 11B, 3432 Lützelflüh, Switzerland
Gouille 1, 1984 Arolla, Switzerland
Graben 620 A, 3154 Rüschegg, Switzerland
Grabenstrasse 2, 9470 Werdenberg, Switzerland
Grand Rue 5, 1863 Le Sépey, Switzerland
Grand' Rue 38, 1820 Montreux, Switzerland
Grand'Rue 5, 1188 Saint-George, Switzerland
Grand-Rue 26, 1325 Vaulion, Switzerland
Grand-Rue 47, 1454 Sainte-Croix, Switzerland
Grand-Rue 53, 1627 Vaulruz, Switzerland
Grande-Rue 29, 1347 Sentier, Switzerland
Granit, Haus, 3910 Saas-Grund, Switzerland
Grava 240/A, 7144 Vella, Switzerland
Gravules ch 2, 7522 La Punt Chamuses, Switzerland
Greifenbach 455g, 3822 Lauterbrunnen, Switzerland
Gribelierstrasse 37, 3954 Leukerbad, Switzerland
Griesalpstrasse 60, 3723 Kiental BE, Switzerland
Grimmialp, 3757 Diemtigen, Switzerland
Gros-Plan 28, 1637 Val-de-Charmey, Switzerland
Gross Schwyberg, 1716 Plasselb, Switzerland
Grosschreie 1, 6166 Hasle, Switzerland
Grossenhausweg 2, 3818 Grindelwald, Switzerland
Grossmeierschhüs 456, 3925 Grächen, Switzerland
Grub 235, 3538 Röthenbach im Emmental, Switzerland
Gspanstrasse 27, 7050 Arosa, Switzerland
Gspon, 3933 Staldenried, Switzerland
Gsässweid 9, 3755 Horboden, Switzerland
Guggelsstrasse 7, 8842 Unteriberg, Switzerland
Gurnigelbad 1, 3099 Rüti bei Riggisberg, Switzerland
Gutenbrunnenstrasse 6, 3775 Lenk, Switzerland
Gutenbrunnenstrasse 94, 3775 Lenk, Switzerland
Gypaète 4, 1911 Mayens-de-Chamoson, Switzerland
Gäuer 1010, 9652 Nesslau-Krummenau, Switzerland
Gäuggeliweg 54, 7250 Klosters-Serneus, Switzerland
Gütschgasse 6, 6490 Andermatt, Switzerland
Haldastrasse 1, 7245 Ascharina, Switzerland
Haldenstrasse 36, 6006 Luzern, Switzerland
Haldenstrasse 4, 6006 Luzern, Switzerland
Haldenstrasse 53, 6006 Luzern, Switzerland
Haltenstrasse 10, 3906 Saas-Fee, Switzerland
Haltenstrasse 21, 3906 Saas-Fee, Switzerland
Hameau des Crosets, 1873 Les Crosets, Switzerland
Hannigasse 1, 3906 Saas-Fee, Switzerland
Hanniggasse 10, Hanniggasse 10, 3906 Saas-Fee, Switzerland
Hannigstrasse 47, 3906 Saas-Fee, Switzerland
Hanselenstrasse 56, 3722 Reichenbach im Kandertal, Switzerland
Hattigen 5, 3636 Forst-Längenbühl, Switzerland
Haueten, 3755 Diemtigen, Switzerland
Hauptseestrasse 61, 6315 Morgarten, Switzerland
Hauptstrasse 108, 1656 Im Fang, Switzerland
Hauptstrasse 11, 3800 Matten bei Interlaken, Switzerland
Hauptstrasse 11, 6418 Rothenthurm, Switzerland
Hauptstrasse 112, 6182 Escholzmatt, Switzerland
Hauptstrasse 115, 9113 Degersheim, Switzerland
Hauptstrasse 130, 7233 Jenaz, Switzerland
Hauptstrasse 134, 7482 Bergün/Bravuogn, Switzerland
Hauptstrasse 143, 3855 Brienz, Switzerland
Hauptstrasse 155, 7075 Churwalden, Switzerland
Hauptstrasse 16, 9657 Unterwasser, Switzerland
Hauptstrasse 2, 2572 Mörigen, Switzerland
Hauptstrasse 21, 3917 Kippel, Switzerland
Hauptstrasse 23, 8872 Weesen, Switzerland
Hauptstrasse 232, 2532 Leubringen, Switzerland
Hauptstrasse 28, 9650 Nesslau, Switzerland
Hauptstrasse 29, 6436 Muotathal, Switzerland
Hauptstrasse 29, 9658 Wildhaus, Switzerland
Hauptstrasse 33, 3917 Kippel, Switzerland
Hauptstrasse 33, 8783 Linthal, Switzerland
Hauptstrasse 36, 3800 Matten bei Interlaken, Switzerland
Hauptstrasse 38, 8783 Linthal, Switzerland
Hauptstrasse 411, 1656 Jaun, Switzerland
Hauptstrasse 42, 3943 Eischoll, Switzerland
Hauptstrasse 43, 9105 St. Peterzell, Switzerland
Hauptstrasse 65, 9064 Hundwil, Switzerland
Hauptstrasse 7, 9657 Unterwasser, Switzerland
Hauptstrasse 70, 9113 Degersheim, Switzerland
Hauptstrasse 72, 3855 Brienz, Switzerland
Hauptstrasse 74, 5737 Menziken, Switzerland
Hauptstrasse 79, 3805 Goldswil bei Interlaken, Switzerland
Hauptstrasse 82, 7233 Jenaz, Switzerland
Hauptstrasse 88, 9658 Wildhaus, Switzerland
Hauptstrasse 9, 7240 Küblis, Switzerland
Hauptstrasse 92, 3855 Brienz, Switzerland
Hauptstrasse 99, 9658 Wildhaus, Switzerland
Hauptstrasse, 3825 Mürren, Switzerland
Hauptstrasse, 7516 Maloja, Switzerland
Haus Auf dem Platz, 3905 Saas-Almagell, Switzerland
Haus Vonmoos 5A, 7516 Stampa, Switzerland
Heidbühl 476D, 3537 Eggiwil, Switzerland
Heiminen 468, 3925 Grächen, Switzerland
Heiminen 527, 3925 Grächen, Switzerland
Hejistrasse 24, 3984 Fiesch, Switzerland
Hejistrasse 64, 3984 Fiesch, Switzerland
Herisauerstrasse 4, 9107 Urnäsch, Switzerland
Herr David Raess, Sundroina 24, 7078 Lenzerheide, Switzerland
Hertensteinstrasse 156, 6353 Weggis, Switzerland
Hertensteinstrasse 42, 6353 Weggis, Switzerland
Hertensteinstrasse 48, 6353 Weggis, Switzerland
Heubach CH, Dorf 469A, 3154 Rüschegg, Switzerland
Heuberge, 7235 Fideris, Switzerland
Hinter der Egg 945A, 3825 Mürren, Switzerland
Hinterbergstrasse 32, 7232 Furna, Switzerland
Hinterdorfstrasse 3920, 3920 Zermatt, Switzerland
Hintere Schwendistrasse 39, 9657 Alt St. Johann, Switzerland
Hinteregg 1474, 9107 Urnäsch, Switzerland
Hinterseestrasse 28, 6078 Lungern, Switzerland
Hinterstettli 1/5, 7075 Churwalden, Switzerland
Hittboden 1431D, 3855 Axalp, Switzerland
Hochgütschstrasse 9, 8842 Unteriberg, Switzerland
Hof 1744, 9658 Wildhaus, Switzerland
Hofgasse 12, 3998 Reckingen, Switzerland
Hofi 590, 9497 Triesenberg, Liechtenstein
Hofstrasse 22, 7270 Davos Platz, Switzerland
Hohneggweg 47, 3906 Saas-Fee, Switzerland
Hohtennstrasse 2, 3940 Steg, Switzerland
Holzkuhplatz 1, 3858 Hofstetten bei Brienz, Switzerland
Honegg, 6373 Ennetbürgen, Switzerland
Horlaubenstrasse 27, 7260 Davos, Switzerland
Hornbergstrasse 43, 3777 Saanenmöser, Switzerland
Hotel BelArosa, Eichhörnliweg 1, 7050 Arosa, Switzerland
Hotel Gletscherblick, 6085 Hasliberg Goldern, Switzerland
Hotel Seeblick, Poststrasse 4, 7434 Sufers, Switzerland
Hotel Slalom, 3992 Bettmeralp, Switzerland
Hotel Trübsee, 6390 Engelberg, Switzerland
Hotel Tschuggen, Tschuggentorweg 1, 7050 Arosa, Switzerland
Hotel Villa Post, 7552 Vulpera, Switzerland
Hotel Walliser Spycher, Aletschpromenade 106, 3987 Riederalp, Switzerland
Hotel Zum See, 3925 Grächen, Switzerland
Hubel 114, 3803 Beatenberg, Switzerland
Hubelhohle 2, 3122 Kehrsatz, Switzerland
Hubelstrasse 56, 7050 Arosa, Switzerland
Hubelstrasse 7A, 3930 Visp, Switzerland
Hubelweg 15, 3818 Grindelwald, Switzerland
Hugenstrasse 24, 6376 Emmetten, Switzerland
Hulftegg 907, 9613 Mühlrüti, Switzerland
Hunkelenstrasse 18, 6016 Hellbühl, Switzerland
Häxenbodenstrasse 4, 6383 Wirzweli, Switzerland
Höflistrasse 12, 1656 Jaun, Switzerland
Höhematte, 3825 Mürren, Switzerland
Höhenstrasse 15, 8635 Dürnten, Switzerland
Hübeli 652, 3537 Eggiwil, Switzerland
Hüttenbergstrasse 6, 8784 Braunwald, Switzerland
Ibergeregg 1, 8843 Oberiberg, Switzerland
Ifängiweg 9, 7050 Arosa, Switzerland
Il Fuorn, 7530 Zernez, Switzerland
Illhorn, Route du Tsapé 3, 3961 Chandolin, Switzerland
Illiswilstrasse 24, 3033 Wohlen bei Bern, Switzerland
Im Boda 512, 7132 Vals, Switzerland
Im Holz 370, 3804 Habkern, Switzerland
Im Ländli 16, 6315 Oberägeri, Switzerland
Im Malbun 11, 9497 Malbun, Liechtenstein
Im Malbun 20, 9497 Triesenberg, Liechtenstein
Im Malbun 55, 9497 Triesenberg, Liechtenstein
Im Moser 10, 3704 Krattigen, Switzerland
Im Paradies Faflerstrasse 41, 3919 Fafleralp, Switzerland
Im Saali 251, 3625 Heiligenschwendi, Switzerland
Im, Krättli 564, 3537 Eggiwil, Switzerland
Imm. Mercure AV11 1972 Anzère, 1972 Anzère, Switzerland
Imp. des Plans Verneys 3, 1988 Vex, Switzerland
Impasse de la Clairière, 1918 Riddes, Switzerland
Impasse de la Ferme 7, 3967 Vercorin, Switzerland
Industriering 14, 9491 Ruggell, Liechtenstein
Industriestrasse 46, 9486 Schaanwald, Liechtenstein
Industriestrasse 94, 3900 Brig-Glis, Switzerland
Info-point, 6692 Brontallo, Switzerland
Innere Poststrasse, 7050 Arosa, Switzerland
Interlakenstrasse 81, 3705 Faulensee, Switzerland
Isola 11, 7516 Maloja, Switzerland
Italienische Str. 28, 7435 Splügen, Switzerland
Italienische Str. 78, 7437 Nufenen, Switzerland
Jakobsbadstrasse 26, 9108 Gonten, Switzerland
Jaunpass, 3766 Boltigen, Switzerland
Jeizinen, 3945 Gampel-Bratsch, Switzerland
Jenaz CH, Furnerstrasse 2, 7231 Pragg, Switzerland
Jeninserstrasse 6, 7307 Jenins, Switzerland
Jonastrasse 11, 8636 Wald, Switzerland
Julierpass, 7513 Surses, Switzerland
Julierstrasse 1, 7457 Bivio, Switzerland
Julierstrasse 64, 7457 Bivio, Switzerland
Jungholzstrasse 28, 3948 Oberems, Switzerland
Juppa 40, 7447 Avers, Switzerland
Jurastrasse 1, 5726 Unterkulm, Switzerland
Kaisern, 3087 Niedermuhlern, Switzerland
Kanderstegstrasse 25, 3714 Frutigen, Switzerland
Kantonsstrasse 12, 3930 Eyholz, Switzerland
Kantonsstrasse 12, 3942 Raron, Switzerland
Kantonsstrasse 151, 3952 Susten, Switzerland
Kantonsstrasse 2, 3944 Unterbäch, Switzerland
Kantonsstrasse 457, 3925 Grächen, Switzerland
Kantonsstrasse 56, 3942 Raron, Switzerland
Kantonsstrasse 81, 3946 Turtmann, Switzerland
Kantonsstrasse 85, 3946 Turtmann, Switzerland
Kantonsstrasse, 6102 Malters, Switzerland
Kapellenstrasse 6, 3700 Spiez, Switzerland
Kapplerstrasse 38, 9642 Ebnat-Kappel, Switzerland
Kastanienbaumstrasse 91, 6048 Horw, Switzerland
Kemmeriboden, 6197 Schangnau, Switzerland
Kerenzerbergstrasse 25, 8758 Obstalden, Switzerland
Kerenzerbergstrasse 8, 8757 Filzbach, Switzerland
Kettelerstrasse 27, 3900 Brig-Glis, Switzerland
Kientalstrasse 61, 3722 Reichenbach im Kandertal, Switzerland
Kirchbühlstrasse 14, 3818 Grindelwald, Switzerland
Kirchenstrasse 46, 8843 Oberiberg, Switzerland
Kirchgasse 1, 6493 Hospental, Switzerland
Kirchrain 40, 2572 Sutz, Switzerland
Klausenstrasse 33, 6465 Unterschächen, Switzerland
Klewenalp 1, 6375 Beckenried, Switzerland
Klewenalp, 6375 Beckenried, Switzerland
Klöntalerstrasse 36, 8750 Klöntal, Switzerland
Kreuz, Lengg 11, 3753 Oey, Switzerland
Kreuzbuchstrasse 33B, 6006 Luzern, Switzerland
Kreuzgasse 5a, 3713 Reichenbach im Kandertal, Switzerland
Kreuzstrasse 5a, 3957 Erschmatt, Switzerland
Kronenhofweg 2a, 6415 Arth, Switzerland
Kronenpl. 10, 7310 Bad Ragaz, Switzerland
Kulmweg 7, 6410 Rigi Kulm, Switzerland
Kupfergasse 18, 7000 Chur, Switzerland
Kurparkstrasse 13, 3954 Leukerbad, Switzerland
Kurparkstrasse 15, 3954 Leukerbad, Switzerland
Kurparkstrasse 24, 3954 Leukerbad, Switzerland
L'Etrey 41, 1643 Gumefens, Switzerland
La Baume 7, 2400 Le Locle, Switzerland
La Berra, 1634 La Roche, Switzerland
La Bouège 1, 2340 Le Noirmont, Switzerland
La Chaux 3, 2722 Tramelan, Switzerland
La Chaux-d'Abel 88, 2333 La Ferrière, Switzerland
La Clef 6, 2722 Les Reussilles, Switzerland
La Croix de Fer, 1669 Les Allières, Switzerland
La Douay 12, 1937 Orsières, Switzerland
La Fouly, 1944 Orsières, Switzerland
La Frasse 48, 1658 Rossinière, Switzerland
La Fromache 90, 2610 Sonvilier, Switzerland
La Gare 8, 1865 Ormont-Dessus, Switzerland
La Monta, Tsallion 1, 1986 Arolla, Switzerland
La Petite Fin 18, 1637 Val-de-Charmey, Switzerland
La Sombaille 30, 2300 La Chaux-de-Fonds, Switzerland
La Theurre 6, 2350 Saignelégier, Switzerland
La Tzoumaz, Imp. de La Luge, 1918 Riddes, Switzerland
La Vy d'Aubonne 7, 1144 Ballens, Switzerland
Lac de Joux, Sur-les-Quais 47, 1342 L'Abbaye, Switzerland
Lac de Salanfe, 1922 Salvan, Switzerland
Landarenca 91, 6545 Calanca, Switzerland
Landiswilerstrasse, 6344 Meierskappel, Switzerland
Landstrasse 141, 7250 Klosters-Serneus, Switzerland
Landstrasse 170, 7250 Klosters-Serneus, Switzerland
Landstrasse 179, 7250 Klosters-Serneus, Switzerland
Landstrasse 190, 7250 Klosters Platz, Switzerland
Landstrasse 24, 7252 Klosters Dorf, Switzerland
Landstrasse 80, 9495 Triesen, Liechtenstein
Landstrasse 94A, 3715 Adelboden, Switzerland
Landvogthaus, 8772 Nidfurn, Switzerland
Laresch 12, 7433 Mathon, Switzerland
Laret Str. 9, 7562 Samnaun, Switzerland
Lareterstrasse 18 18, 7265 Davos, Switzerland
Larnags 8a, 7032 Laax, Switzerland
Laucherenstrasse, 8843 Oberiberg, Switzerland
Lauchernalp, 3918 Wiler (Lötschen), Switzerland
Lauenen 1, 6432 Schwyz, Switzerland
Lauenenstrasse 19, 3780 Gstaad, Switzerland
Lauenenstrasse 5, 3782 Lauenen, Switzerland
Lauistrasse 782, 9651 Nesslau-Krummenau, Switzerland
Laxeralp 8, Kühboden 3994, 3984 Lax, Switzerland
Le Bioley 24, 1922 Salvan, Switzerland
Le Cerneux-Veusil 138, 2345 Muriaux, Switzerland
Le Cerneux-Veusil Dessus 150, Le Cerneux-Veusil, 2345, Switzerland
Le Cerneux-au-Maire 2, 2336 Les Bois, Switzerland
Le Chasseron, 1452 Les Rasses, Switzerland
Le Chaumont 7, 2350 Saignelégier, Switzerland
Le Crêt 20, 1653 Crésuz, Switzerland
Le Crêt 80, 2314 La Sagne, Switzerland
Le Crêt 98, 2314 La Sagne, Switzerland
Le Gondran 26, 1932 Bovernier, Switzerland
Le Mont-des-Cerfs 749, 1450 Sainte-Croix, Switzerland
Le Petit Tremplin, Rte du Suchet 15, 1854 Leysin, Switzerland
Le Peu-Péquignot 5, 2340 Le Noirmont, Switzerland
Le Pont de l'Etang 7, 1322 Croy, Switzerland
Le Rocheray 23, 1347 Le Chenit, Switzerland
Le Rocheray 23, 1347 Sentier, Switzerland
Le Rocheray 37, 1347 Le Chenit, Switzerland
Le Sciaux 4, 1694 Villorsonnens, Switzerland
Le Verger 1, 2075 Thielle, Switzerland
Le Vernex 3, 1865 Les Diablerets, Switzerland
Le Vernex 9, 1865 Les Diablerets, Switzerland
Le Zitiouc 5, 1973 Nax, Switzerland
Ledi 1554, 3823 Wengen BE, Switzerland
Leim 18, 1656 Jaun, Switzerland
Lengmattastrasse 19, 7276 Davos Frauenkirch, Switzerland
Lenkstrasse 134, 3773 Matten (St. Stephan), Switzerland
Lenkstrasse 43, 3775 Lenk, Switzerland
Lenkstrasse 8, 3775 Lenk, Switzerland
Les Bovets 16, 1865 Les Diablerets, Switzerland
Les Bugnenets 3, 2058 Le Pâquier, Switzerland
Les Champs-Blancs 70b, 1279 Chavannes-de-Bogis, Switzerland
Les Clos-Dessus 6A, 2714 Les Genevez, Switzerland
Les Colisses, 2534 Prés-d'Orvin, Switzerland
Les Collonges 10, 1854 Leysin, Switzerland
Les Collons, Switzerland
Les Combes 121A, 2518 Nods, Switzerland
Les Ecarres, Les Emibois 81, 2338 Muriaux, Switzerland
Les Emibois 49, 2338 Saignelégier, Switzerland
Les Frasses 27, 2612 Cormoret, Switzerland
Les Grangettes 50-60, 1993 Veysonnaz, Switzerland
Les Liddes 9A, 3961 Zinal, Switzerland
Les Mosses 104, 1862 Mosses, Switzerland
Les Mosses 1862, 1862 Ormont-Dessous, Switzerland
Les Mosses, 1862 Ormont-Dessous, Switzerland
Les Murailles 5, 2037 Montezillon, Switzerland
Les Murs 1, 2336 Les Bois, Switzerland
Les Prises 12, 2316 Les Ponts-de-Martel, Switzerland
Les Raccards 56, 3961 Ayer, Switzerland
Les Replans 757, 1450 Sainte-Croix, Switzerland
Les maisons Neuves 38, 1853 Yvorne, Switzerland
Les prés de Macolin 7, 2532 Magglingen/Macolin, Switzerland
Ligiazun 125A, 7149 Vrin, Switzerland
Lindenbank 1, 3665 Wattenwil, Switzerland
Lindenhofweg 15, 3855 Brienz, Switzerland
Linescio di fuori 2, 6682 Linescio, Switzerland
Linzerbot 25/27, 1973 Nax, Switzerland
Littauerboden 1, 6014 Luzern, Switzerland
Lomattenstrasse 6, 3906 Saas-Fee, Switzerland
Lomattenstrasse 7, 3906 Saas-Fee, Switzerland
Luchernstrasse 31, 3920 Zermatt, Switzerland
Lunschania 53, 7116 St. Martin, Switzerland
Lus 1050A, 3825 Mürren, Switzerland
Luzernerstrasse 204, 6402 Merlischachen, Switzerland
Luzernerstrasse 31, 6353 Weggis, Switzerland
Längenschachen 28, 3653 Oberhofen am Thunersee, Switzerland
Lötschenpasshütte, 3918 Wiler (Lötschen), Switzerland
Lötschental, Lauchernalp 52, 3918 Wiler (Lötschen), Switzerland
Magrappé, 1993 Nendaz, Switzerland
Maison Neuve 59, 2720 La Tanne/Tramelan, Switzerland
Maison de vacances pour groupes par Jean-Michel COPT, 1944 La Fouly, Switzerland
Malbunstrasse 60, 9497 Malbun, Liechtenstein
Maloja, 7516 Bregaglia, Switzerland
Maloja, 7516 Maloja, Switzerland
Malvilliers, 2043 Boudevilliers, Switzerland
Maranerstrasse 66, 7050 Arosa, Switzerland
Marbachegg 2, 6196 Marbach, Switzerland
Mareestrasse 29, 9490 Vaduz, Liechtenstein
Mareg 203 GPS Daten: N: 46°36'8'' E: 9°57'46, 7524 Zuoz, Switzerland
Margret+Lorenz Mazotti, Nessernweg 6, 3935 Bürchen, Switzerland
Marktgasse 59, 3800 Interlaken, Switzerland
Marzano 2, 6718 Olivone, Switzerland
Mattastrasse 58, 7270 Davos, Switzerland
Mauren 555, 3803 Beatenberg, Switzerland
Mauren 556A, 3803 Beatenberg, Switzerland
Mayens de Vernamiège 78, 1961 Vernamiège, Switzerland
Mayens de, Route des Plans 2, 1992 Sion, Switzerland
Mayoux 38, 3961 Saint-Jean, Switzerland
Meierhof 32, 7134 Obersaxen, Switzerland
Meierhofstrasse 15, 9495 Triesen, Liechtenstein
Mezvei 20, 7464 Parsonz, Switzerland
Michelschhofstrasse 4, 7246 St. Antönien, Switzerland
Mirrenberg 922, 3825 Mürren, Switzerland
Mitteldorf 3, 7427 Urmein, Switzerland
Mondan, Stradón de Cabié 88, 6558 Lostallo, Switzerland
Mont-Crosin 65, 2610 Cormoret, Switzerland
Mont-Pugin 8, 2400 Le Locle, Switzerland
Monts-Chevreuils, 1660 Château-d’Œx, Switzerland
Montsoflo 13, 1634 La Roche, Switzerland
Moos 298, 3619 Eriz, Switzerland
Moosalpstrasse 96, 3923 Törbel, Switzerland
Mooseggen Tubenmoos, 8843 Oberiberg, Switzerland
Mooseggstrasse 32, 3550 Langnau im Emmental, Switzerland
Moosweg 38, 3920 Zermatt, Switzerland
Morteratsch 2, 7504 Pontresina, Switzerland
Moserhus, 7232 Furna, Switzerland
Mostelbergstrasse 119, 6417 Sattel, Switzerland
Mostelbergstrasse 170, 6417 Sattel, Switzerland
Mottisweg 5, 7226 Stels, Switzerland
Munzenriet 2, 9658 Wildhaus, Switzerland
Muralto CH, Viale Verbano 25, 6600 Locarno, Switzerland
Murbacherstrasse 13, 6003 Luzern, Switzerland
Murbacherstrasse 4, 6003 Luzern, Switzerland
Museggstrasse 14, 6017 Ruswil, Switzerland
Mutschnengia 106, 7184 Medel (Lucmagn), Switzerland
Mönchstrasse 37, 3600 Thun, Switzerland
Möschberg 7B, 3506 Grosshöchstetten, Switzerland
Mühlebachstrasse 33, 3995 Ernen, Switzerland
Mühlebachstrasse 52, 3995 Ernen, Switzerland
Mühlegraben 2, 6390 Engelberg, Switzerland
Mürgstrasse 18, 6370 Stans, Switzerland
Nagens, 7017 Flims, Switzerland
Napfstrasse 1A, 3550 Langnau im Emmental, Switzerland
Nestel 3697, 9642 Ebnat-Kappel, Switzerland
Neudorfstrasse 92, 7430 Thusis, Switzerland
Neueretstrasse 43, 3780 Gstaad, Switzerland
Niederhorn 1015, 3803 Beatenberg, Switzerland
Nucleo 136, 6685 Bosco/Gurin, Switzerland
Nucleo 137A, 6685 Bosco/Gurin, Switzerland
Nucleo, 6684 Campo (Vallemaggia), Switzerland
Nucleo, 6685 Bosco/Gurin, Switzerland
Nufenenstrasse 31, 3988 Ulrichen, Switzerland
Ob. Gasse, 7438 Hinterrhein, Switzerland
Ober Juf 14, 7448 Juf, Switzerland
Oberberg, 6434 Illgau, Switzerland
Oberbottigenweg 1, 3862 Innertkirchen, Switzerland
Oberdorf 38, 7435 Splügen, Switzerland
Oberdorf 39, 9643 Krummenau, Switzerland
Oberdorf 61, 7435 Splügen, Switzerland
Oberdorfstrasse 134, 3920 Zermatt, Switzerland
Oberdorfstrasse 53, 9658 Wildhaus, Switzerland
Obere Bahnhofstrasse 10, 3714 Frutigen, Switzerland
Obere Briggerstrasse 13, 3987 Riederalp, Switzerland
Obere Dattenbergstrasse 12, 6005 Luzern, Switzerland
Obere Dorfstrasse 15, 3906 Saas-Fee, Switzerland
Obere Feldgasse 11A, 6462 Seedorf, Switzerland
Obere Gletscherstrasse 145, 3818 Grindelwald, Switzerland
Obere Gletscherstrasse 159, 3818 Grindelwald, Switzerland
Obere Gletscherstrasse 16, 3818 Grindelwald, Switzerland
Obere Goldey 85, 3800 Unterseen, Switzerland
Obere Strasse 39, 7270 Davos Platz, Switzerland
Oberer Schiltwald, 3823 Wengen BE, Switzerland
Oberes-Hirzboden 1, 3715 Adelboden, Switzerland
Obergass 3, 7414 Fürstenau, Switzerland
Obergasse 40, 7494 Wiesen, Switzerland
Obergmeind, 7428 Tschappina, Switzerland
Obergrundstrasse 61, 6003 Luzern, Switzerland
Oberhäusern 71, 3920 Zermatt, Switzerland
Obermaggenberg 31, 1715 Alterswil, Switzerland
Obersaxen, Affeier 33, 7134 Ruis, Switzerland
Oberseepromenade 2, 7050 Arosa, Switzerland
Oberstockenalp, 3762 Erlenbach im Simmental, Switzerland
Oberstöckenstrasse 8, 8842 Unteriberg, Switzerland
Oberwaldstatt 9, 9104 Waldstatt, Switzerland
Oetschwil 161, 9608 Ganterschwil, Switzerland
Ofenpassstrasse 155, 7530 Zernez, Switzerland
Onsernone, 6664 Vergeletto, Switzerland
Orden Dent, 7516 Maloja, Switzerland
Orpundstrasse 1, 2555 Brügg, Switzerland
Ortolfistrasse 18, 7277 Davos, Switzerland
Ottostrasse 8, 7000 Chur, Switzerland
Ovronnaz, 1911 Route, Chem. Mayen Blanc 30, 1911 Leytron, Switzerland
Paclera, 7536 Santa Maria Val Müstair, Switzerland
Pajüel 4, 7064 Tschiertschen-Praden, Switzerland
Palius 18, 7165 Breil/Brigels, Switzerland
Panezlis 67, 7064 Tschiertschen-Praden, Switzerland
Panoramastrasse 1, 3906 Saas-Fee, Switzerland
Panoramastrasse 1, 6074 Giswil, Switzerland
Pantunweg 3, 7430 Thusis, Switzerland
Parking Les Grangettes, Rte du Télécabine, 1993 Veysonnaz, Switzerland
Parkstrasse 23, 3909 Saas-Fee, Switzerland
Parkstrasse 29, 6353 Weggis, Switzerland
Parkstrasse 3, 3800 Interlaken, Switzerland
Pass 9, 3907 Simplon, Switzerland
Pass. de l'Auberge 8, 1820 Montreux, Switzerland
Passage des Lombards 4 Cour des Sires de Châtillon, 1913 Saillon, Switzerland
Passhöhe, 9658 Wildhaus, Switzerland
Passo del S. Gottardo 6780, 6780 Airolo, Switzerland
Perle, Chalet, 3910 Saas-Grund, Switzerland
Petit Martel 17, 2316 Les Ponts-de-Martel, Switzerland
Pezzastrasse 10, 7563 Samnaun, Switzerland
Pfisterpl. 1, 7000 Chur, Switzerland
Pfolongstutz 2, 3954 Leukerbad, Switzerland
Piazza Giorgio Orelli, 6773 Prato (Leventina), Switzerland
Pila 3, 7516 Stampa, Switzerland
Pilatusstrasse 1, 6003 Luzern, Switzerland
Pilatusstrasse 15, 6002 Luzern, Switzerland
Pilatusstrasse 29, 6003 Luzern, Switzerland
Pillonstrasse 6, 3785 Gsteig, Switzerland
Pièe 13, 6634 Brione (Verzasca), Switzerland
Pl. Centrale 8, 1936 Verbier, Switzerland
Pl. d'Armes 18, 1618 Châtel-Saint-Denis, Switzerland
Pl. de l'Eglise 4, 1186 Essertines-sur-Rolle, Switzerland
Pl. de l'Église 8, 3961 Saint-Luc, Switzerland
Pl. de la Chapelle 2, 1669 Haut-Intyamon, Switzerland
Pl. de la Chapelle 2, 1972 Ayent, Switzerland
Pl. de la Couronne 2, 1269 Bassins, Switzerland
Pl. de la Gare 2, 1659 Rougemont, Switzerland
Pl. de la Gare 9, 1630 Bulle, Switzerland
Pl. de la Lande 1, 1348 Le Chenit, Switzerland
Pl. de la Tour 4, 1270 Trélex, Switzerland
Pl. du Château 1, 1338 Ballaigues, Switzerland
Pl. du Village 1, 1873 Val-d'Illiez, Switzerland
Pl. du Village 7, 1972 Anzère, Switzerland
Pl. du Village 8, 1972 Anzère, Switzerland
Place Curala, 1934 Le Châble, Switzerland
Place de La Gare 2, 2000 Neuchâtel, Switzerland
Place de la Poste 1, 1984 Les Haudères, Switzerland
Place de la Télécabine 9, 1923 Les Marécottes, Switzerland
Place de la Télécabine, Rte d'Anniviers 11, 3967 Vercorin, Switzerland
Place du Marché, Grande Place 5, 1800 Vevey, Switzerland
Place du Temple 5, 1804 Corsier-sur-Vevey, Switzerland
Place du funiculaire 5, 1663 Moleson, Switzerland
Planatsch 1, 7189 Rueras, Switzerland
Plattenweg 1, 6442 Gersau, Switzerland
Platz 315, 3762 Erlenbach im Simmental, Switzerland
Plaun da la Clüsa 17, 7526 Chapella, Switzerland
Plaz 119, 7530 Zernez, Switzerland
Plaz 300, 7457 Bivio, Switzerland
Plaz d'Immez 23, 7536 Santa Maria Val Müstair, Switzerland
Plazza Gronda 2, 7543 Lavin, Switzerland
Plazzet 15, 7503 Samedan, Switzerland
Plazzet 20, 7503 Samedan, Switzerland
Plazzet 22, 7503 Samedan, Switzerland
Pochtenalp, 3723 Kiental BE, Switzerland
Postfach 69, 8638 Goldingen, Switzerland
Postfach, 3765 Oberwil im Simmental, Switzerland
Poststrasse 29, 7050 Arosa, Switzerland
Poststrasse 34D, 7132 Vals, Switzerland
Poststrasse 560, 7132 Vals, Switzerland
Pradaschier 20, 7075 Churwalden, Switzerland
Pralong - Mackey Blanc, Hérémence 1987, 1987, Switzerland
Presso Hotel Walser, 6685 Bosco Gurin, Switzerland
Principela 4, 7523 Madulain, Switzerland
Promenade 103, 7270 Davos, Switzerland
Promenade 139, 7260 Davos, Switzerland
Promenade 159, 7260 Davos, Switzerland
Promenade 17, 3954 Leukerbad, Switzerland
Promenade 30, 3954 Leukerbad, Switzerland
Promenade 7, 3954 Leukerbad, Switzerland
Promenade 72, 3780 Gstaad, Switzerland
Prätschlistrasse 38, 7050 Arosa, Switzerland
Prätschlistrasse 62, 7050 Arosa, Switzerland
Prätschlistrasse 64, 7050 Arosa, Switzerland
Prättigauerstrasse 32, 7265 Davos, Switzerland
Pungel 198, 7603 Vicosoprano, Switzerland
Puoz 138A, 7482 Bergün/Bravuogn, Switzerland
Pétérey 2, 3961 Zinal, Switzerland
Pétérey, 3961 Zinal, Switzerland
Pöschenriedstrasse 34, 3775 Lenk, Switzerland
Pürt, 7447 Avers, Switzerland
Qur Sous Bois 5, 1452 Les Rasses, Switzerland
Rablüzza 152, 7550 Scuol, Switzerland
Rablüzza 159, 7550 Scuol, Switzerland
Raftstrasse 6, 3655 Sigriswil, Switzerland
Rainstrasse 27, 3775 Lenk, Switzerland
Rathausquai 5, 6004 Luzern, Switzerland
Rathausstrasse 36, 3954 Leukerbad, Switzerland
Reichsgasse 18, 7000 Chur, Switzerland
Reidenbach 284, 3766 Boltigen, Switzerland
Reindli 783, 3826 Gimmelwald, Switzerland
Renarde, la, Chem. des Râpes 25, 1884 Ollon, Switzerland
Residence du Chamossaire, 1854 Leysin, Switzerland
Resort Lake Lucerne, Bürgenstock 24, 6363 Obbürgen, Switzerland
Resort Lake Lucerne, Bürgenstock 30, 6363 Obbürgen, Switzerland
Restaurant Sonne, 8751 Spiringen, Switzerland
Reussstrasse 5, 5444 Künten, Switzerland
Rheinstrasse 16, 4323 Wallbach, Switzerland
Riau-de-la Maula 8, 1637 Val-de-Charmey, Switzerland
Richtstrasse 19, 7000 Chur, Switzerland
Rickenstrasse 60, 8735 St. Gallenkappel, Switzerland
Riedboden 102, 3803 Beatenberg, Switzerland
Riedli 15, 3756 Diemtigen, Switzerland
Riedweg 156, 3920 Zermatt, Switzerland
Riedweg 175, 3920 Zermatt, Switzerland
Riet 1213, 9658 Wildhaus, Switzerland
Rigi Scheidegg 100, 6410 Rigi Scheidegg, Switzerland
Ringstrasse 10, 6433 Stoos, Switzerland
Ringstrasse 19, 6433 Morschach, Switzerland
Ringstrasse 53, 6433 Stoos, Switzerland
Rischinenstrasse 128, 3914 Blatten bei Naters, Switzerland
Rischinustrasse 1, 3914 Blatten bei Naters, Switzerland
Rischinustrasse 26, 3914 Blatten bei Naters, Switzerland
Risi 373, 9103 Schwellbrunn, Switzerland
Ritistrasse 111, 3997 Bellwald, Switzerland
Ritistrasse 125, 3997 Bellwald, Switzerland
Ritistrasse 141, 3997 Bellwald, Switzerland
Rittinen, 3925 Grächen, Switzerland
Rle des Chevaliers 7, 1663 Gruyères, Switzerland
Rlle de L'Agreny 2, 1410 Saint-Cierges, Switzerland
Rochers de Naye, 1820 Veytaux, Switzerland
Rodas 3 7463 Riom, Surses, Switzerland
Rohrmatta 16, 1716 Schwarzsee-Bad, Switzerland
Ronalpstrasse 191, 3935 Bürchen, Switzerland
Ronalpstrasse 26, 3935 Bürchen, Switzerland
Ronalpstrasse 86, 3935 Bürchen, Switzerland
Rosenbergstrasse 28, 7243 Pany, Switzerland
Rossberg 557, 3765 Oberwil im Simmental, Switzerland
Rosswald 134, 3913 Termen, Switzerland
Rosswald 150, 3913 Rosswald, Switzerland
Rosswald 152, 3913 Termen, Switzerland
Rosswald 177, 3913 Rosswald, Switzerland
Rosswald 202, 3913 Rosswald, Switzerland
Rosswald 267, 3913 Rosswald, Switzerland
Rosswald, 3913 Rosswald, Switzerland
Rossweidstrasse 9, 7270 Davos, Switzerland
Rothbad 7, 3755 Horboden, Switzerland
Rothenstrasse 9, 6015 Luzern, Switzerland
Rottenweg 468, 3988 Obergoms VS, Switzerland
Route Cantonale 1, 3961 Zinal, Switzerland
Route Vers- L'Eglise 4, 1864 Ormont-Dessus, Switzerland
Route d'Emosson 4, 1925 Finhaut, Switzerland
Route de Biaufond 16, 2336 Les Bois, Switzerland
Route de Champoussin 20, 1873 Val-d'Illiez, Switzerland
Route de Chasseral 124, 2518 Nods, Switzerland
Route de Croula 34, 1651 Villarvolard, Switzerland
Route de Pralonzet 62, 3961 Zinal, Switzerland
Route de Savoie, Pont-de-la-Morge 84, 1962 Sion, Switzerland
Route de la Dranse 2, 1945 Liddes, Switzerland
Route de la Forêt 6, 1986 Evolène, Switzerland
Route de la Fusion 2, 3961 Vissoie, Switzerland
Route de la Gruyère 123, 1644 Avry-devant-Pont, Switzerland
Route des cinq 4000, 24, 3961 Zinal, Switzerland
Route des, Mossette, la, Les Ormonts 4, 1854 Leysin, Switzerland
Route du Col des Mosses 124, 1862, Switzerland
Route du Peuplier 90, 1955 Mayens-de-Chamoson, Switzerland
Route du Village 5, 1884 Villars-sur-Ollon, Switzerland
Rte Cantonale 31, 1897 Port-Valais, Switzerland
Rte De Leysin 27, 1863 Ormont-Dessous, Switzerland
Rte Dents de Bonavau, 1874 Champéry, Switzerland
Rte Des Crosets 69, 1873 Les Crosets, Switzerland
Rte Grand-Saint-Bernard 15, 1946 Bourg-Saint-Pierre, Switzerland
Rte Neuve 30, 1983 Evolène, Switzerland
Rte Neuve 35A, 1983 Evolène, Switzerland
Rte Principale 111, 1983 Evolène, Switzerland
Rte Principale 114, 1983 Evolène, Switzerland
Rte Principale 17, 2073 Enges, Switzerland
Rte Principale 27, 3961 Saint-Luc, Switzerland
Rte Principale 271, 1642 Sorens, Switzerland
Rte Principale 29, 1983 Evolène, Switzerland
Rte Principale 3, 1984 Les Haudères, Switzerland
Rte Principale 67, 3961 Saint-Luc, Switzerland
Rte Principale 77, 1983 Evolène, Switzerland
Rte Principale 8, 3961 Saint-Luc, Switzerland
Rte Principale, 1983 Evolène, Switzerland
Rte Royale, 1865 Ormont-Dessus, Switzerland
Rte d'Anzère 106, 1972 Ayent, Switzerland
Rte d'Anzère 34, 1972 Anzère, Switzerland
Rte d'Anzère 70, 1966 Ayent, Switzerland
Rte d'Arzier 1, 1264 Saint-Cergue, Switzerland
Rte d'Avouillon 26, 1854 Leysin, Switzerland
Rte de Bas-Vièze 18, 1875 Morgins, Switzerland
Rte de Bonmont 31, 1275 Chéserex, Switzerland
Rte de Champ Vidonde 11, 1955 Chamoson, Switzerland
Rte de Chavalet 3, 1874 Champéry, Switzerland
Rte de Châtel-Saint-Denis 16, 1807 Blonay, Switzerland
Rte de Châtel-Saint-Denis 36, 1807 Blonay, Switzerland
Rte de Corberaye 32, 1934 Le Châble, Switzerland
Rte de Djuet, 1955 Mayens-de-Chamoson, Switzerland
Rte de Ferret 3, 1944 La Fouly, Switzerland
Rte de Ferret 44, 1944 Orsières, Switzerland
Rte de Ferret 47, 1944 La Fouly, Switzerland
Rte de Ferret 60, 1944 La Fouly, Switzerland
Rte de France 8, 1348 Le Chenit, Switzerland
Rte de Giez 4, 1422 Grandson, Switzerland
Rte de Grand-Combe 46, 3961 Grimentz, Switzerland
Rte de Jaman 6, 1824 Montreux, Switzerland
Rte de Lally 103, 1807 Blonay, Switzerland
Rte de Lana, 1983 Evolène, Switzerland
Rte de Largey 2, 1973 Nax, Switzerland
Rte de Mauvoisin 102, 1947 Versegères, Switzerland
Rte de Moiry 11, 3961 Grimentz, Switzerland
Rte de Moiry 22, 3961 Grimentz, Switzerland
Rte de Mont-la-Ville 5, 1148 La Praz, Switzerland
Rte de Nendaz 19, 1996 Baar, Switzerland
Rte de Plan Praz, 1854 Leysin, Switzerland
Rte de Pra 17, 1993 Veysonnaz, Switzerland
Rte de Pranoé 40, 1985 villaz, Switzerland
Rte de Promenthoux 8, 1197 Prangins, Switzerland
Rte de Saclentse 381, 1996 Nendaz, Switzerland
Rte de Saint-Cergue 41, 1273 Arzier-Le Muids, Switzerland
Rte de Saint-Cergue 9, 1273 Arzier-Le Muids, Switzerland
Rte de Saint-Maurice 18, 1814 La Tour-de-Peilz, Switzerland
Rte de Sainte-Croix 7, 1445 Vuiteboeuf, Switzerland
Rte de Severeux 39, 1897 Les Evouettes, Switzerland
Rte de Sierre, 3961 Grimentz, Switzerland
Rte de Sommentier 156, 1688 Lieffrens, Switzerland
Rte de Sous-Géronde 41, 3960 Sierre, Switzerland
Rte de Suscévaz 4, 1438 Mathod, Switzerland
Rte de Tsanzillan 8, 1968 Mase, Switzerland
Rte de Verbier 9, 1934 Bagnes, Switzerland
Rte de Verbier Station 55, 1936 Verbier, Switzerland
Rte de Vercorin 92, 3966 Chalais, Switzerland
Rte de Verrey 56, 1993 Veysonnaz, Switzerland
Rte de Villars 31, 1882 Gryon, Switzerland
Rte de Villars 34, 1882 Gryon, Switzerland
Rte de Villars 37, 1700 Fribourg, Switzerland
Rte de l'Ardevaz 1, 1911 Ovronnaz, Switzerland
Rte de l'Hôtel de Ville 14, 1344 L'Abbaye, Switzerland
Rte de la Berra 92, 1634 La Roche, Switzerland
Rte de la Braye 5, 1660 Château-d’Œx, Switzerland
Rte de la Brecca, 1987 Vex, Switzerland
Rte de la Combaz 19, 3963 Crans-Montana, Switzerland
Rte de la Corniche 1, 25470 Goumois, France
Rte de la Darbelenna 1987, 1987 Hérémence, Switzerland
Rte de la Forge 49, 1625 Sâles, Switzerland
Rte de la Grangette 76, 1723 Marly, Switzerland
Rte de la Gruyère 8, 1723 Marly, Switzerland
Rte de la Jorette 31, 1899 Torgon, Switzerland
Rte de la Prairie 34, 3963 Crans-Montana, Switzerland
Rte de la Sage 22, 1984 Les Haudères, Switzerland
Rte de la Saussa 63, 1659 Rougemont, Switzerland
Rte de la Tourbière 3, 1267 Coinsins, Switzerland
Rte de la Télécabine 62, 1918 Riddes, Switzerland
Rte de la Télécabine 69, 1997 Nendaz, Switzerland
Rte des Alpes 25, 1452 Les Rasses, Switzerland
Rte des Amis de la Nature 12, 3961 Grimentz, Switzerland
Rte des Amis de la Nature 34, 3961 Grimentz, Switzerland
Rte des Bains 93, 1911 Ovronnaz, Switzerland
Rte des Bains, 1911 Leytron, Switzerland
Rte des Barzettes 42, 3963 Crans-Montana, Switzerland
Rte des Châtaigniers 1, 1816 Chailly, Switzerland
Rte des Communailles 13, 1660 Château-d’Œx, Switzerland
Rte des Creux 4, 1936 Verbier, Switzerland
Rte des Creux 91, 1936 Verbier, Switzerland
Rte des Croux des Raves 16, 1985 La Sage, Switzerland
Rte des Deux-Villages 78, 1806 Saint-Légier-La Chiésaz, Switzerland
Rte des Ecluses 37, 1997 Nendaz, Switzerland
Rte des Gouttes-d'Or 2, 2008 Neuchâtel, Switzerland
Rte des Grangettes 31, 1845 Noville, Switzerland
Rte des Hôtels 28, 1884 Villars-sur-Ollon, Switzerland
Rte des Hôtels 36, 1884 Villars-sur-Ollon, Switzerland
Rte des Indivis 21, 1987 Hérémence, Switzerland
Rte des Joncs 371, 1619 Paccots, Switzerland
Rte des Layeux 1, 1884 Villars-sur-Ollon, Switzerland
Rte des Mayens 10, 1993 Veysonnaz, Switzerland
Rte des Mayens 171, 1955 Chamoson, Switzerland
Rte des Mayens 40, 1993 Veysonnaz, Switzerland
Rte des Monnaires 46, 1660 Château-d’Œx, Switzerland
Rte des Monnaires 73, 1660 Château-d’Œx, Switzerland
Rte des Monts 31, 1824 Montreux, Switzerland
Rte des Mosses 77, 1660 L'Étivaz, Switzerland
Rte des Mélèzes 24, 3963 Lens, Switzerland
Rte des Paccots 163, 1619 Paccots, Switzerland
Rte des Paccots 21, 1618 Châtel-Saint-Denis, Switzerland
Rte des Rahâs 10, 3961 Anniviers, Switzerland
Rte des Rosalys 20, 1619 Châtel-Saint-Denis, Switzerland
Rte des Rumières 17, 1874 Champéry, Switzerland
Rte des Tavys 8, 1874 Champéry, Switzerland
Rte des Zirès 14, 3963 Crans-Montana, Switzerland
Rte du Botza 61, 1911 Ovronnaz, Switzerland
Rte du Botza 72, 1911 Leytron, Switzerland
Rte du Botza 80, 1911 Leytron, Switzerland
Rte du Camping, 1984 Les Haudères, Switzerland
Rte du Centre Sportif 1, 1874 Champéry, Switzerland
Rte du Centre Thermal 16, 1913 Saillon, Switzerland
Rte du Chasseron 12, 1452 Les Rasses, Switzerland
Rte du Golf 77, 1936 Verbier, Switzerland
Rte du Grand-Paradis 33, 1874 Champéry, Switzerland
Rte du Lac 21, 1763 Granges-Paccot, Switzerland
Rte du Lac 21, 1938 Champex-Lac, Switzerland
Rte du Lac 23, 1638 Morlon, Switzerland
Rte du Lac 3, 1897 Port-Valais, Switzerland
Rte du Lac 45, 1938 Champex-Lac, Switzerland
Rte du Lac 54, 1938 Champex-Lac, Switzerland
Rte du Lac 6, 1938 Orsières, Switzerland
Rte du Lac 78, 1938 Orsières, Switzerland
Rte du Marchairuz 29A, 1188 Saint-George, Switzerland
Rte du Moléson 228, 1663 Moléson-Village, Switzerland
Rte du Moulin Mission 28, 30, 3961 Ayer, Switzerland
Rte du Pillon 125, 1865 Les Diablerets, Switzerland
Rte du Pillon 64, 1865 Les Diablerets, Switzerland
Rte du Pillon, 1865 Les Diablerets, Switzerland
Rte du Pillon, 1865 Ormont-Dessus, Switzerland
Rte du Rawyl 10, 3963 Crans-Montana, Switzerland
Rte du Rawyl 42, 3963 Crans-Montana, Switzerland
Rte du Signal 22, 1938 Champex-Lac, Switzerland
Rte du Signal 32, 1938 Orsières, Switzerland
Rte du Signal, 1938 Orsières, Switzerland
Rte du Simplon 85, 1958 Saint-Léonard, Switzerland
Rte du Solitaire 157, 1981 Vex, Switzerland
Rte du Solitaire 16, 1988 Collons, Switzerland
Rte du Téléphérique 11, 3967 Vercorin, Switzerland
Rte du Téléphérique 17, 3967 Vercorin, Switzerland
Rte du Vallon 10, 1938 Orsières, Switzerland
Rte du Vallon 12, 1938 Champex-Lac, Switzerland
Rte du Vallon 5, 1938 Orsières, Switzerland
Rte du Vallon 5, 3979 Erdesson, Switzerland
Rte du Vallon 9, 1938 Orsières, Switzerland
Rte du Village 11, 1807 Blonay, Switzerland
Rte le Parfay 80, 1991 Sion, Switzerland
Rue Centrale 5, 3967 Vercorin, Switzerland
Rue Des Grandes Forges 7, 1337 Vallorbe, Switzerland
Rue Dr-Schwab 2, 2610 Saint-Imier, Switzerland
Rue Monseigneur-Genoud 26, 1669 Lessoc, Switzerland
Rue Nicolas-Glasson 3 1630, 1 Bulle, Switzerland
Rue Principale 54, 1923 Marécottes, Switzerland
Rue de Bellerive, 3965 Chippis, Switzerland
Rue de Gruyères 16, 1630 Bulle, Switzerland
Rue de Médran 43, 1936 Verbier, Switzerland
Rue de Médran 70, 1936 Verbier, Switzerland
Rue de l'Eglise 2, 1276 Gingins, Switzerland
Rue de l'Eglise 5, 1966 Ayent, Switzerland
Rue de l'Eglise 8, 1994 Aproz (Nendaz, Switzerland
Rue de l'Hôtel de Ville, 1446 Baulmes, Switzerland
Rue de l'Hôtel-de-Ville 16, 2300 La Chaux-de-Fonds, Switzerland
Rue de l'Orbe 82, 1337 Vallorbe, Switzerland
Rue de la Croix-Fédérale 33, 2300 La Chaux-de-Fonds, Switzerland
Rue de la Cure 13, 2610 Saint-Imier, Switzerland
Rue de la Fin 18, 1637 Val-de-Charmey, Switzerland
Rue de la Gare 11, 1337 Vallorbe, Switzerland
Rue de la Gare 12, 2603 Péry-La Heutte, Switzerland
Rue de la Gruère 13, 2350 Saignelégier, Switzerland
Rue de la Lanche 5, 1899 Torgon, Switzerland
Rue de la Mura 129, 1988 Vex, Switzerland
Rue de la Mura 26, 1988 Les Collons, Switzerland
Rue de la Poste 4, 1342 L'Abbaye, Switzerland
Rue de la Praise 32, 1896 Vouvry, Switzerland
Rue de la Printanière 18, 2720 Tramelan, Switzerland
Rue de la Tour 2, 1263 Crassier, Switzerland
Rue de la poste 4, 1936 Verbier, Switzerland
Rue de l’Évêque 3, 1986 Arolla, Switzerland
Rue des 4 Fontaines 4, 1278 La Rippe, Switzerland
Rue des Allamans 7, 1659 Rougemont, Switzerland
Rue des Ardoisières 7, 1905 Dorénaz, Switzerland
Rue des Audannes 36, 1972 Ayent, Switzerland
Rue des Bochonès 3, 1972 Anzère, Switzerland
Rue des Cigales 23, 2908 Grandfontaine, Switzerland
Rue des Cinq 4000, 3961 Zinal, Switzerland
Rue des Nasieux 18, 2108 Couvet, Switzerland
Rue des Sondzons 22, 1904 Vernayaz, Switzerland
Rue des Tertres 32, 2074 Marin-Epagnier, Switzerland
Rue des Tilleuls 19, 1326 Juriens, Switzerland
Rue des Vacheries 9, 2345 Les Breuleux, Switzerland
Rue du 1er-Mars 7, 2300 La Chaux-de-Fonds, Switzerland
Rue du Bourg 14, 1663 Gruyères, Switzerland
Rue du Bourg 16, 1663 Gruyères, Switzerland
Rue du Bourg 19, 1323 Romainmôtier-Envy, Switzerland
Rue du Bourg 22, 1663 Gruyères, Switzerland
Rue du Bourg 29, 1663 Gruyères, Switzerland
Rue du Bourg 49, 1663 Gruyères, Switzerland
Rue du Carroz 32, 1885 Ollon, Switzerland
Rue du Cervin 29, 3961 Saint-Luc, Switzerland
Rue du Chalet 19, 2720 Tramelan, Switzerland
Rue du Château 1, 1616 Attalens, Switzerland
Rue du Château 1, 3961 Vissoie, Switzerland
Rue du Château 11, 1266 Duillier, Switzerland
Rue du Château 7, 1354 Montcherand, Switzerland
Rue du Collège 2, 1357 Lignerolle, Switzerland
Rue du Collège 4, 2605 Sonceboz-Sombeval, Switzerland
Rue du Commerce 7, 1854 Leysin, Switzerland
Rue du Creux 5, 1966 Ayent, Switzerland
Rue du Ctre 21, 1637 Val-de-Charmey, Switzerland
Rue du Ctre 25, 1637 Val-de-Charmey, Switzerland
Rue du Ctre sportif 24, 1936 Verbier, Switzerland
Rue du Fond de Ville 1, 1945 Liddes, Switzerland
Rue du Lac 2/8, 1815 Montreux, Switzerland
Rue du Mont d'Or 7, 1343 Les Charbonnières, Switzerland
Rue du Montoz 4, 2603 Péry-La Heutte, Switzerland
Rue du Paradis 15, 1967 Bramois, Switzerland
Rue du Pas-de-l'Ours 31, 3963 Crans-Montana, Switzerland
Rue du Pas-de-l'Ours 41, 3963 Crans-Montana, Switzerland
Rue du Petit Pré 23, 1958 Saint-Léonard, Switzerland
Rue du Pont 9, 1958 Sion, Switzerland
Rue du Pradamont 2, 3961 Grimentz, Switzerland
Rue du Premier-Mars 1, 2206 Les Geneveys-sur-Coffrane, Switzerland
Rue du Quai 11, 1844 Villeneuve, Switzerland
Rue du Quai 12, 1820 Montreux, Switzerland
Rue du Simplon 11, 1337 Vallorbe, Switzerland
Rue du Temple 2, 1820 Montreux, Switzerland
Rue du Temple 22, 2114 Fleurier, Switzerland
Rue du Théâtre 11, 1820 Montreux, Switzerland
Rue du Théâtre 4, 1820 Montreux, Switzerland
Rue du Téléphérique 35, 1914 Isérables, Switzerland
Rue du Vieux Village 2, 3961 Saint-Luc, Switzerland
Rue du Village 106, 1874 Champéry, Switzerland
Rue du Village 42, 3961 Grimentz, Switzerland
Rue du Village 47, 1874 Champéry, Switzerland
Rue du Village 5, 1347 Le Chenit, Switzerland
Rue du Village 55, 1874 Champéry, Switzerland
Rue du Village 63, 1874 Champéry, Switzerland
Rue du Village 8, 1802 Corseaux, Switzerland
Ruelle de Fond Ville 21 - Pinsec, 3961 Vissoie, Switzerland
Ruelle des, Grandes Forges 2, 1337 Vallorbe, Switzerland
Rufena 99, 7132 Vals, Switzerland
Ruopigenstrasse 33, 6015 Luzern, Switzerland
Ruswilstrasse 4, 6016 Hellbühl, Switzerland
Rämsenweg 30, 6433 Stoos, Switzerland
Rämsenweg 31, 6433 Stoos, Switzerland
Römlistrasse 28, 8873 Amden, Switzerland
Rössligasse 2/4, 6004 Luzern, Switzerland
Rösslistrasse 2, 8877 Murg, Switzerland
Röven 45, 7530 Zernez, Switzerland
Röven 53, 7530 Zernez, Switzerland
Röven 61, 7530 Zernez, Switzerland
Rüti 4, 6443 Morschach, Switzerland
Rütihof Boutique Hotel und Restaurant, Arosastrasse 110, 7058 Litzirüti, Switzerland
Rütistrasse 12, 6074 Giswil, Switzerland
Rütti 6, Postfach 64, 6490 Andermatt, Switzerland
S-charl 563, 7550 Scuol, Switzerland
S-charl, 7550 Scuol, Switzerland
S. Bernardino 19, 6565 Mesocco, Switzerland
S. Bernardino 41, 6565 S. Bernardino, Switzerland
S. Clau 28, 7156 Rueun, Switzerland
Saanenmöserstrasse 31, 3778 Saanen, Switzerland
Saanenstrasse 15, 3770 Zweisimmen, Switzerland
Saas-Grund,3910, 3910, Switzerland
Saastalstrasse 133, 3910 Saas-Grund, Switzerland
Saastalstrasse 231, 3910 Saas-Grund, Switzerland
Saastalstrasse 232, 3910 Saas-Grund, Switzerland
Saastalstrasse 68, 3910 Saas-Grund, Switzerland
Saastalstrasse, 3910 Saas-Grund, Switzerland
Saint-Jean en Haut 11, 3961 Saint-Jean, Switzerland
Salätschis 640, 7214 Grüsch, Switzerland
Sanangga 162, 7214 Grüsch, Switzerland
Sandrain 3, 5412 Gebenstorf, Switzerland
Sapün, 7057 Langwies, Switzerland
Sarmenstorferstrasse 52, 5707 Seengen, Switzerland
Sattel, 6083 Hasliberg, Switzerland
Sattelstrasse 1, 6315 Morgarten, Switzerland
Sattle 2, 3914 Belalp, Switzerland
Sattle 26, 3914 Belalp, Switzerland
Schachenstrasse 43, 3700 Spiez, Switzerland
Schaufli, 6083 Hasliberg, Switzerland
Scheidgasse 46, 3703 Aeschi bei Spiez, Switzerland
Scheidgasse 53, 3703 Aeschi bei Spiez, Switzerland
Schibernstrasse 2, 6354 Vitznau, Switzerland
Schletterstrasse 13, 9064 Gonten, Switzerland
Schloss 88, 3454 Sumiswald, Switzerland
Schloss-Strasse 1, 7310 Bad Ragaz, Switzerland
Schlossberg 49, 3534 Signau, Switzerland
Schlossstrasse 3, 9497 Triesenberg, Liechtenstein
Schlossstrasse 34, 5044 Schlossrued, Switzerland
Schlossweg 3, 3658 Merligen, Switzerland
Schluhmattstrasse 130, 3920 Zermatt, Switzerland
Schluhmattstrasse 55, 3920 Zermatt, Switzerland
Schlusselacherstrasse 2, 3988 Obergesteln, Switzerland
Schmalzgrubenstrasse 2, 8842 Unteriberg, Switzerland
Schmockenstrasse 161, 3803 Beatenberg, Switzerland
Schmockenstrasse 163, 3803 Beatenberg, Switzerland
Schmockenstrasse 205, 3803 Beatenberg, Switzerland
Schnaggabial 8, 7134 Obersaxen Mundaun, Switzerland
Schollen 724, 9113 Degersheim, Switzerland
Schoren 45, 3653 Oberhofen am Thunersee, Switzerland
Schoren, 3807 Iseltwald, Switzerland
Schorren 3A, 3807 Iseltwald, Switzerland
Schorren, 3807 Iseltwald, Switzerland
Schrabachstrasse 5, 7220 Schiers, Switzerland
Schriederstrasse 77, 3858 Hofstetten bei Brienz, Switzerland
Schulhausstrasse 1, 8885 Quarten, Switzerland
Schwand, 6174 Sörenberg, Switzerland
Schwandstrasse 91, 6390 Engelberg, Switzerland
Schwarzenburgstrasse 799, 3145 Niederscherli, Switzerland
Schwarzenbühl 84, 3156 Riffenmatt, Switzerland
Schwarzenmatt 414, 3766 Boltigen, Switzerland
Schwarzseestrasse 158, 1716 Schwarzsee-Bad, Switzerland
Schwarzseestrasse 216, 1716 Schwarzsee, Switzerland
Schweibenalp, 3855 Brienz, Switzerland
Schweiz, Tschuggen 66, 3914 Naters, Switzerland
Schweizerhausstrasse 19c, 6390 Engelberg, Switzerland
Schweizerhofquai 3, 6002 Luzern, Switzerland
Schwendistrasse 11, 8883 Quarten, Switzerland
Schwendistrasse 18, 8873 Amden, Switzerland
Schwendistrasse 8, 8898 Flums, Switzerland
Schwändibergstrasse 19, 8784 Braunwald, Switzerland
Schwändli 135 A, 3619 Innereriz, Switzerland
Schybärg Axalp ob Brienz BE, 3855 Axalp, Switzerland
Schönbüel, 6078 Lungern, Switzerland
Schönenbodenstrasse 82, 9658 Wildhaus, Switzerland
Schönried CH, Dorfstrasse 46, 3778 Saanen, Switzerland
Schützengasse 1A, 2502 Biel, Switzerland
Second Floor, Rte du Moléson 228, 1663 Moleson, Switzerland
Sedrun CH, Via Prau Cumin 11, 7189 Rueras, Switzerland
Seebenalp, 8884 Oberterzen, Switzerland
Seeblickstrasse 9, 7050 Arosa, Switzerland
Seebodenalp 3, 6403 Küssnacht, Switzerland
Seeburg 55, 3852 Ringgenberg, Switzerland
Seeburgstrasse 53-61, 6006 Luzern, Switzerland
Seepl. 3, 6374 Buochs, Switzerland
Seepl. 6, 6403 Küssnacht, Switzerland
Seerosenstrasse 1, 5616 Meisterschwanden, Switzerland
Seestrasse 10, 1716 Schwarzsee-Bad, Switzerland
Seestrasse 20, 6060 Sarnen, Switzerland
Seestrasse 201, 3800 Unterseen, Switzerland
Seestrasse 24, 6442 Gersau, Switzerland
Seestrasse 25, 6353 Weggis, Switzerland
Seestrasse 29, 6442 Gersau, Switzerland
Seestrasse 30, 5708 Birrwil, Switzerland
Seestrasse 300, 3658 Merligen, Switzerland
Seestrasse 34, 6052 Hergiswil, Switzerland
Seestrasse 41, 7310 Bad Ragaz, Switzerland
Seestrasse 44, 3806 Bönigen, Switzerland
Seestrasse 47, 3654 Gunten, Switzerland
Seestrasse 53, 6353 Weggis, Switzerland
Seestrasse 56, 6354 Vitznau, Switzerland
Seestrasse 58, 3700 Spiez, Switzerland
Seestrasse 62, 3852 Ringgenberg, Switzerland
Seestrasse 66, 3700 Spiez, Switzerland
Seestrasse 80, 6354 Vitznau, Switzerland
Seestrasse 89, 1716 Schwarzsee-Bad, Switzerland
Seestrasse, Unterseen, 3800 Interlaken, Switzerland
Seewaldstrasse 12, 7050 Arosa, Switzerland
Seeweg, 3925 Grächen, Switzerland
Selden, 3718 Kandersteg, Switzerland
Selfrangastrasse 36, 7250 Klosters-Serneus, Switzerland
Selfrangastrasse 40, 7250 Klosters-Serneus, Switzerland
Sennhofstrasse 19a, 7000 Chur, Switzerland
Sentier de la Dérupe 3, 3967 Vercorin, Switzerland
Serneuserstrasse 68, 7249 Klosters-Serneus, Switzerland
Sertigerstrasse 34, 7272 Davos Clavadel, Switzerland
Sertigerstrasse 37, 7272 Davos, Switzerland
Sfazù CH, Berninapass, 7742 Poschiavo, Switzerland
Sidwaldstrasse 13, 9652 Neu St. Johann, Switzerland
Sigrischtuschirstrasse, 3987 Riederalp, Switzerland
Sigriswilstrasse 117, 3655 Sigriswil, Switzerland
Silgin 205, 7148 Lumbrein, Switzerland
Siviez 3013, 1997 Nendaz, Switzerland
Sobrio 72, 6749 Sobrio, Switzerland
Sondernasse 236, 9064 Hundwil, Switzerland
Sonnenberg 16, 9103 Schwellbrunn, Switzerland
Sonnenbergstrasse 33, 8725 Gebertingen, Switzerland
Sonnenbergweg 20, 3818 Grindelwald, Switzerland
Sonnenweg 4, 7562 Samnaun Laret, Switzerland
Sonnhalde 63, 3099 Rüti bei Riggisberg, Switzerland
Sonnsyte 5, 6019 Sigigen, Switzerland
Soulalex 45, 1937 Orsières, Switzerland
Sous les Roches 7, 2534 Orvin, Switzerland
Spirenwaldstrasse 351, 3803 Beatenberg, Switzerland
Spirenwaldstrasse 356, 3803 Beatenberg, Switzerland
Spirenwaldstrasse 410, 3803 Beatenberg, Switzerland
Spissstrasse 52, 3920 Zermatt, Switzerland
Spittelweg 3, 3900 Brig-Glis, Switzerland
Spitzhornweg 30, 3792 Saanen, Switzerland
Spitzstrasse 2, 3998 Reckingen, Switzerland
Splügenpassstrasse 130, 7435 Splügen, Switzerland
Sportweg 5, 3714 Frutigen, Switzerland
St. Jodernstrasse 17, 3930 Visp, Switzerland
St. Johann, SS41, 37, 39020 Tubre BZ, Italy
St. Leodegarstrasse 2, 6006 Luzern, Switzerland
St. Moritz CH, Via Maistra 75, 7505 Celerina/Schlarigna, Switzerland
St. Niklausenstrasse 105, 6047 Kastanienbaum, Switzerland
St. Peterzellerstrasse 1, 9633 Hemberg, Switzerland
Staatsstrasse 50, 8890 Flums, Switzerland
Staffelhöheweg 61, 6356 Rigi Kaltbad, Switzerland
Staffelhöheweg 9, 6356 Rigi Kaltbad, Switzerland
Stationsweg 4, 8854 Siebnen, Switzerland
Steinrütistrasse 5, 9658 Wildhaus, Switzerland
Sternengässi 7, 3954 Leukerbad, Switzerland
Stettlistrasse 3, 6383 Dallenwil, Switzerland
Stiegelschwandstrasse 60, 3715 Adelboden, Switzerland
Stigweidstrasse 35, 8636 Wald, Switzerland
Stock, 3924 St. Niklaus, Switzerland
Stockjiweg 40, 3935 Bürchen, Switzerland
Stockmatte 967A, 3855 Brienz, Switzerland
Stocksittenstrasse 20, 8873 Amden, Switzerland
Stoosplatz 3, 6433 Stoos, Switzerland
Stoosstrasse 11, 6436 Ried (Muotathal), Switzerland
Str. Collinetta 115, 6612 Ascona, Switzerland
Str. Tegnogna 14-16, 6713 Malvaglia, Switzerland
Strada Cantonale 302, 7516 Stampa, Switzerland
Strada Cantonale 352, 7516 Maloja, Switzerland
Strada Cantonale 359, 7516 Maloja, Switzerland
Strada Cantonale 360, 7516 Stampa, Switzerland
Strada Cantonale 403, 7516 Maloja, Switzerland
Strada Comunale 64, 6674 Someo, Switzerland
Strada del Lido 2, 6565 Mesocco, Switzerland
Strada di Valle 35, 6780 Airolo, Switzerland
Stradun 169, 7550 Scuol, Switzerland
Stradun 201, 7550 Scuol, Switzerland
Stradun 325, 7550 Scuol, Switzerland
Stradun 330, 7550 Scuol, Switzerland
Stradun 335, 7550 Scuol, Switzerland
Stradun 388, 7550 Scuol, Switzerland
Stradun 44, 7162 Tavanasa, Switzerland
Stradun 88, 7524 Zuoz, Switzerland
Stradung 2, 7460 Surses, Switzerland
Stradung 31, 7460 Savognin, Switzerland
Stradung 38, 7452 Cunter, Switzerland
Stradung 5, 7460 Savognin, Switzerland
Stradón 5, 6557 Cama, Switzerland
Strandweg 10, 3855 Brienz, Switzerland
Stráda dala Travèrsa 146, 6749 Cavagnago, Switzerland
Stráda de Ciróni 43, 6747 Chironico, Switzerland
Stubistrasse 8, 9497 Malbun, Liechtenstein
Studerweg 16, 6417 Sattel, Switzerland
Stutzweidli, 3823 Lauterbrunnen, Switzerland
Städeli 892, 9240 Niederglatt, Switzerland
Städtle 3, 9490 Vaduz, Liechtenstein
Stöckalp CH, Fruttstrasse 40, 6067 Melchtal, Switzerland
Sulzelstrasse 20A, 8846 Willerzell, Switzerland
Sur Chafarrer 96, 7545 Guarda, Switzerland
Sur En 336, 7554 Scuol, Switzerland
Sur il Chaunt 240, 7526 Cinuos-Chel, Switzerland
Sur les Chemins 12, 2117 La Côte-aux-Fées, Switzerland
Susten 3, 7435 Splügen, Switzerland
Sustenstrasse 26, 3862 Innertkirchen, Switzerland
Sustenstrasse 283a, 3863 Gadmen, Switzerland
Sut Catieni 2, 7154 Ruschein, Switzerland
Swiss Alp Resort 1, 3818 Grindelwald, Switzerland
Switzerland, Rte du Lac 32, 1938 Champex-Lac, Switzerland
Sägastrasse 29, 9495 Triesen, Liechtenstein
Säge 5, 7233 Jenaz, Switzerland
Sändli 7, 8783 Linthal, Switzerland
Sückastrasse 41, 9497 Triesenberg, Liechtenstein
Süsom Givé, 82, 7532 Tschierv, Switzerland
Talstation, 7032 Laax, Switzerland
Talstrasse 129, 3905 Saas-Almagell, Switzerland
Talstrasse 135, 7250 Klosters-Serneus, Switzerland
Talstrasse 16, 3919 Blatten, Switzerland
Talstrasse 38, 3919 Blatten, Switzerland
Talstrasse 43, 3905 Saas-Almagell, Switzerland
Talstrasse 60, 7563 Samnaun, Switzerland
Talstrasse 66, 7563 Samnaun, Switzerland
Talstrasse 8, 3855 Brienz, Switzerland
Talstrasse 93, 3905 Saas-Almagell, Switzerland
Tamatten, 3910 Saas-Grund, Switzerland
Tanay, 1896 Vouvry, Switzerland
Tannalp 1, 6068 Kerns, Switzerland
Tannalpstrasse 12, 6068 Kerns, Switzerland
Tannalpstrasse 4, 6068 Kerns, Switzerland
Tannenboden 3, 8898 Flumserberg, Switzerland
Terrassenweg 65, 3818 Grindelwald, Switzerland
Territet CH, Av. de la Riviera 22, 1820 Montreux, Switzerland
Teufbach 3, 6436 Muotathal, Switzerland
Tgalucas 138, 7456 Surses, Switzerland
Tges Alva 401, 7457 Surses, Switzerland
Thel 8, 3953 Leuk, Switzerland
Thermalbad 1, 3900 Brig-Glis, Switzerland
Thermalbadstrasse 25, 3900 Brigerbad, Switzerland
Thermalbadstrasse 75, 3900 Brigerbad, Switzerland
Thomas-Platter Weg, 3925 Grächen, Switzerland
Thunstrasse 1, 3150 Schwarzenburg, Switzerland
Thuraustrasse 46, 9642 Ebnat-Kappel, Switzerland
Tierwies, 9107 Urnäsch, Switzerland
Tilgi 3918, 3918 Wiler (Lötschen), Switzerland
Torrentstrasse 24, 3955 Albinen, Switzerland
Tracuit, 3961 Zinal, Switzerland
Treppenweg 13, 5300 Turgi, Switzerland
Triemelstrasse 2, 7028 Pagig, Switzerland
Triftweg 47, 3920 Zermatt, Switzerland
Truochs 15, 7522 La Punt-Chamues-ch, Switzerland
Truochs 9, 7522 La Punt-Chamues-ch, Switzerland
Tsallion 8, 1986 Arolla, Switzerland
Tschalunstrasse 1, 8843 Oberiberg, Switzerland
Tschalunstrasse 2, 8843 Oberiberg, Switzerland
Tschiemen 756, 3804 Habkern, Switzerland
Tschudiwiese-Sunnebode, 8896 Flumserberg, Switzerland
Tschuppestrasse 1, 3704 Krattigen, Switzerland
Tufertschwil 20, 9604 Lütisburg, Switzerland
Tuftbach 10, 3818 Grindelwald, Switzerland
Tuftstrasse 17, 3954 Leukerbad, Switzerland
Turrabüelweg 1, 7076 Parpan, Switzerland
Turren 9, 6078 Lungern, Switzerland
Turvasch 32, 7433 Donath, Switzerland
Täätschenstrasse 30 Postfach, 432, 3914 Blatten bei Naters, Switzerland
Uferstrasse 17, 3905 Saas-Almagell, Switzerland
Uferweg 5, 2560 Nidau, Switzerland
Under Juf 1, 7448 Juf, Switzerland
Under Rüttigass 6, 9494 Schaan, Liechtenstein
Under, Misanenga 2, 7134 Obersaxen, Switzerland
Under, Tschappina 25, 7134 Obersaxen, Switzerland
Undera Forst 16, 9494 Schaan, Liechtenstein
Underpl. 31, 7107 Safien, Switzerland
Unghüristrasse 31, 6078 Lungern, Switzerland
Unnamed Road, 6713, Malvaglia, Switzerland
Unter den Bodmen, 3905 Saas-Almagell, Switzerland
Unter den Fuhren, 3823 Lauterbrunnen, Switzerland
Unterdorf 14, 7307 Jenins, Switzerland
Unterdorf 16, 7064 Tschiertschen, Switzerland
Unterdorf 21, 9607 Mosnang, Switzerland
Untere Frutt 1, 6068 Kerns, Switzerland
Unterer Rosenbühl, 5, 7430 Thusis, Switzerland
Unterseestrasse 21, 7050 Arosa, Switzerland
Untertschappina 18, 7428 Tschappina, Switzerland
Unterwegenstrasse 6, 3657 Sigriswil, Switzerland
Urbachstrasse 3, 3862 Innertkirchen, Switzerland
Urschlagada 30, 7436 Medels im Rheinwald, Switzerland
Usser Glas 2, 7428 Tschappina, Switzerland
Ussercheer 13, 6166 Hasle, Switzerland
Val Bever 4, 7502 Spinas, Switzerland
Val Piora, 6776 Piora, Switzerland
Vals-Matta, 7132, Switzerland
Valzeinastrasse35, 7213 Valzeina, Switzerland
Valé 199C, 7132 Vals, Switzerland
Valéstrasse 132, 7132 Vals, Switzerland
Vea Valetta 26, 7457 Bivio, Switzerland
Veia Cantunala 74, 7453 Tinizong, Switzerland
Veia Davos Tga Clo 18, 7460 Surses, Switzerland
Veia Davos Tga Clo 2, 7460 Savognin, Switzerland
Veia Granda 40, 7440 Andeer, Switzerland
Veia Grava 2b, 7460 Savognin, Switzerland
Veia Sandeilas 12, 7460 Savognin, Switzerland
Veja Alvra 43 früher, Veja Megstra 87, 7482 Bergün/Bravuogn, Switzerland
Veja Grusaida 9, 7482 Bergün/Bravuogn, Switzerland
Veja Megstra 134a, 7482 Bergün/Bravuogn, Switzerland
Veja Preda 29, 7482 Preda, Switzerland
Vers les Moret 4, 1669 Montbovon, Switzerland
Versamerstrasse 1, 7402 Bonaduz, Switzerland
Vi 364, 7550 Scuol, Switzerland
Vi 383, 7550 Scuol, Switzerland
Via Acletta 5, 7180 Disentis, Switzerland
Via Acletta 63, 7180 Disentis, Switzerland
Via Alpsu 105, 7188 Tujetsch, Switzerland
Via Alpsu 107, 7188 Tujetsch, Switzerland
Via Alpsu 211, 7189 Tujetsch, Switzerland
Via Alpsu 323, 7188 Tujetsch, Switzerland
Via Alpsu 4, 7180 Disentis, Switzerland
Via Alpsu 65, 7188 Tujetsch, Switzerland
Via Alpsu 79, 7188 Tujetsch, Switzerland
Via Alpsu 83, 7188 Tujetsch, Switzerland
Via Cad'Sett 1, 7602 Casaccia, Switzerland
Via Canduglias 13, 7184 Medel, Switzerland
Via Cantonale, S. Bernardino 57, 6565, 6565, Switzerland
Via Capitasch 32, 7165 Breil/Brigels, Switzerland
Via Carona 27, 6900 Paradiso, Switzerland
Via Castell 300, 7524 Zuoz, Switzerland
Via Centrala 5, 7130 Ilanz, Switzerland
Via Chalchera 9, 7505 Celerina/Schlarigna, Switzerland
Via Chiossaccio 1, 6675 Cevio, Switzerland
Via Cumünala 27, 7533 Fuldera, Switzerland
Via Cumünevels 5, 7514 Sils im Engadin/Segl, Switzerland
Via Cumünevels 5, 7514 Sils-Segl Maria, Switzerland
Via Da Mulin 15, 7504 Pontresina, Switzerland
Via Da la Staziun 2, 7504 Pontresina, Switzerland
Via Darleun 2, 7158, Switzerland
Via Delta 137, 6612 Ascona, Switzerland
Via Dimlej 6, 7500 St. Moritz, Switzerland
Via Fedaria, 394, 23041 Livigno SO, Italy
Via Federico Motta, 4, 21050 Brusimpiano VA, Italy
Via Giovanni Segantini 32, 7500 St. Moritz, Switzerland
Via Grava 4, 7031 Laax, Switzerland
Via Gutveina 8, 7018 Flims, Switzerland
Via Johannes Badrutt 11, 7500 St. Moritz, Switzerland
Via Lucmagn 22, 7184 Medel, Switzerland
Via Lucmagn 38, 7184 Medel, Switzerland
Via Maistra 108, 7537 Müstair, Switzerland
Via Maistra 128, 7505 Celerina/Schlarigna, Switzerland
Via Maistra 130, 7504 Pontresina, Switzerland
Via Maistra 145, 7504 Pontresina, Switzerland
Via Maistra 157, 7504 Pontresina, Switzerland
Via Maistra 171, 7504 Pontresina, Switzerland
Via Maistra 175, 7504 Pontresina, Switzerland
Via Maistra 202, 7504 Pontresina, Switzerland
Via Maistra 215, 7504 Pontresina, Switzerland
Via Maistra 219, 7504 Pontresina, Switzerland
Via Maistra 24, 7524 Zuoz, Switzerland
Via Maistra 3, 7512 Silvaplana, Switzerland
Via Maistra 3, 7512 St Moritz, Switzerland
Via Maistra 32, 7502 Bever, Switzerland
Via Maistra 49, 7513 Silvaplana, Switzerland
Via Maistra 50, 7500 St Moritz, Switzerland
Via Maistra 94, 7504 Pontresina, Switzerland
Via Maistra 94, 7505 Celerina/Schlarigna, Switzerland
Via Maistra, 7513 Silvaplana, Switzerland
Via Moyar 11, 6514 Gudo, Switzerland
Via Muglin 223, 7537 Müstair, Switzerland
Via Munterots 1, 7513 Silvaplana, Switzerland
Via Muraccio 116, 6612 Ascona, Switzerland
Via Muraccio 142, 6612 Ascona, Switzerland
Via Murschetg 1, 7032 Laax, Switzerland
Via Murschetg 15, 7032 Laax, Switzerland
Via Murschetg 17, 7032 Laax, Switzerland
Via Murschetg 35, 7032 Laax, Switzerland
Via Nouva 3, 7505 Celerina/Schlarigna, Switzerland
Via Nova 66, 7017 Flims Dorf, Switzerland
Via Nova 80, 7018 Flims, Switzerland
Via Orino 16, 6713 Malvaglia, Switzerland
Via Peisel 12, 7186 Disentis, Switzerland
Via Piora, Scruengo, 6776 Piotta, Switzerland
Via Plaun Rueun 4, 7165 Breil/Brigels, Switzerland
Via Plaun Rueun 44, 7165 Breil/Brigels, Switzerland
Via Plaza dal Comun, 67, 23041 Livigno SO, Italy
Via Posta della 15, 6678 Coglio, Switzerland
Via Pozz, 79, 23041 Livigno SO, Italy
Via Pradè 22, 7505 Celerina/Schlarigna, Switzerland
Via Principala 19, 7031 Laax, Switzerland
Via Principala 19, 7159 Andiast, Switzerland
Via Principala 21, 7165 Breil/Brigels, Switzerland
Via Principala 46, 7115 Suraua, Switzerland
Via Principala 54, 7138 Surcuolm, Switzerland
Via Principale 18, 7741 San Carlo, Switzerland
Via Principale 53, 6914 Lugano, Switzerland
Via Ramoschin, 7532 Tschierv, Switzerland
Via Rinaldo Simen 56, 6648 Minusio, Switzerland
Via Roncone 22, 6927 Collina d'Oro, Switzerland
Via Rosatsch 18, 7500 St. Moritz, Switzerland
Via S. Gian 7, 7505 Celerina/Schlarigna, Switzerland
Via S. Gottardo 16, 6780 Airolo, Switzerland
Via S. Gottardo 43, 6780 Airolo, Switzerland
Via S. Gottardo 69, 6780 Airolo, Switzerland
Via S. Gottardo, 6780 Airolo, Switzerland
Via Salastrains 12, 7500 St. Moritz, Switzerland
Via San Gian 23, 7500 St. Moritz, Switzerland
Via Sax 1, 7180 Disentis, Switzerland
Via Sela 3, 7500 St. Moritz, Switzerland
Via Serlas 27, 7500 St. Moritz, Switzerland
Via Serlas 5, 7500 St. Moritz, Switzerland
Via Somergo 30, 6713 Malvaglia, Switzerland
Via Sontga Catrina 12, 7180 Disentis, Switzerland
Via Sorts Sut 3, 7018 Flims, Switzerland
Via Spendas 2, 7031 Laax, Switzerland
Via Spinatscha 8, 7188 Tujetsch, Switzerland
Via Suot 121, 7530 Zernez, Switzerland
Via Surpunt 60, 7500 St Moritz, Switzerland
Via Sursilvana 34, 7172 Rabius, Switzerland
Via Sursilvana 5, 7180 Disentis, Switzerland
Via Tegiatscha 1, 7500 St. Moritz, Switzerland
Via Tegiatscha 21, 7500 St. Moritz, Switzerland
Via Tesserete 10, 6900 Lugano, Switzerland
Via Tinus 7, 7500 St. Moritz, Switzerland
Via Val Müstair 146, 7536 Santa Maria Val Müstair, Switzerland
Via Val Müstair 38, 7532 Tschierv, Switzerland
Via Val Roseg, 7504 Pontresina, Switzerland
Via Vallatscha 115, 7523 Madulain, Switzerland
Via Veglia 107, 7536 Sta. Maria, Switzerland
Via Veglia 14, 7500 St. Moritz, Switzerland
Via Veglia 18, 7500 St. Moritz, Switzerland
Via Veglia 95, 7536 Santa Maria Val Müstair, Switzerland
Via Verbano 29, 6648 Minusio, Switzerland
Via cantonale, 6690 Cavergno, Switzerland
Via d'Alvra 14, 7522 La Punt-Chamues-ch, Switzerland
Via da Baselgia 27, 7515 Sils Baselgia, Switzerland
Via da Baselgia 4, 7515 Sils-Segl Baselgia, Switzerland
Via da Baselgia 40, 7515 Sils im Engadin/Segl, Switzerland
Via da Baselgia 57, 7515 Sils im Engadin/Segl, Switzerland
Via da Bernina 17, 7504 Pontresina, Switzerland
Via da Fex 1, 7514 Sils im Engadin/Segl, Switzerland
Via da Fidaz 34, 7019 Fidaz, Switzerland
Via da Ftan 491A, 7550 Scuol, Switzerland
Via da Ftan 494, 7550 Scuol, Switzerland
Via da Marias 19, 7514 Sils im Engadin/Segl, Switzerland
Via da Marias 37, 7514 Sils im Engadin/Segl, Switzerland
Via da Marias 63, 7514 Sils im Engadin/Segl, Switzerland
Via da Marias 83, 7514 Sils im Engadin/Segl, Switzerland
Via da l'Alp 6, 7513 Silvaplana, Switzerland
Via da la Staziun 496, 7550 Scuol, Switzerland
Via dal Bagn 6, 7500 St. Moritz, Switzerland
Via dal Corvatsch 76, 7513 Silvaplana, Switzerland
Via dalla Staziun 1, 7180 Disentis, Switzerland
Via della Stazione 19, 6780 Airolo, Switzerland
Via della Stazione 35, 6780 Airolo, Switzerland
Via di Mezzo 16, 6776 Quinto, Switzerland
Via vers Mulin 5, 7513 Silvaplana, Switzerland
Via, Sogn Giacun 28, 7165 Breil/Brigels, Switzerland
Viale Verbano 21, 6600 Muralto, Switzerland
Villa Flor, Somvih 19, 7525 S-chanf, Switzerland
Vispastrasse 152, 3920 Zermatt, Switzerland
Vispastrasse 52, 3920 Zermatt, Switzerland
Voa Principala 11, 7077 Valbella, Switzerland
Voa Principala 19, 7078 Lenzerheide, Switzerland
Voa Principala 39, 7078 Lenzerheide, Switzerland
Voa Principala 40, 7078 Lenzerheide, Switzerland
Voa Principala 41, 7078 Lenzerheide, Switzerland
Voa Principala 5, 7077 Valbella, Switzerland
Voa Principala 60, 7078 Lenzerheide, Switzerland
Voa Selva 4, 7077 Valbella, Switzerland
Voa Sporz 7, 7078 Lenzerheide, Switzerland
Voa Sporz 8, 7078 Lenzerheide, Switzerland
Voa Sporz 85, 7078 Lenzerheide, Switzerland
Voa Tgantieni 17, 7078 Vaz/Obervaz, Switzerland
Voa Tgantieni 2A, 7078 Lenzerheide, Switzerland
Voa davos Lai 26, 7077 Valbella, Switzerland
Voa son Duno 3, 7082 Vaz/Obervaz, Switzerland
Voia Principala 73, 7083 Lantsch/Lenz, Switzerland
Vordere Schwendistrasse 62, 9658 Wildhaus, Switzerland
Vorderer, Starkenbach 91, 9656 Alt St. Johann, Switzerland
Vorderhasli 8, 3714 Frutigen, Switzerland
Votlasstrasse 10, 7563 Samnaun, Switzerland
Votlasstrasse 24, 7563 Samnaun, Switzerland
Vulpera, 7552 Vulpera, Switzerland
Vuorcha 36, 7524 Zuoz, Switzerland
Vuorcha, 7524 Zuoz, Switzerland
Vuorz CH, Darums 10, 7158 Waltensburg, Switzerland
Vyfonte 12, 2052 Fontainemelon, Switzerland
Waldhaus 974g, 3800 Sundlauenen, Switzerland
Waldhaus CH, Rudi Dado 8, 7018 Flims, Switzerland
Waldhaus CH, Via S. Clau 2A, 7018 Flims, Switzerland
Waldhaus, Via dil Parc 3, 7018 Flims, Switzerland
Waldstätterquai 6, 6440 Brunnen SZ, Switzerland
Waldweg 3, 7563 Samnaun Dorf, Switzerland
Wanghof, Wang 1, 6370 Stans, Switzerland
Wanna 143A, 7109 Thalkirch, Switzerland
Weihermatte 3, 3182 Ueberstorf, Switzerland
Welschdörfli 19, 7000 Chur, Switzerland
Wengi, 3823 Lauterbrunnen, Switzerland
Wengiboden 1347, 3823 Wengen BE, Switzerland
Werkhofstrasse 1, 7304 Maienfeld, Switzerland
Wichjie 16, 3914 Blatten bei Naters, Switzerland
Widacher, Buechacher 25, 3753 Oey, Switzerland
Widengasse 5, 9492 Eschen, Liechtenstein
Widenmattstrasse 1, 5712 Beinwil am See, Switzerland
Wiesenstrasse 17, 3998 Reckingen, Switzerland
Wildi 467, 3925 Grächen, Switzerland
Wildistrasse 2, 3906 Saas-Fee, Switzerland
Wiler 67, 3984 Fiesch, Switzerland
Wintersberg, 9642 Ebnat-Kappel, Switzerland
Winzenberg 2, 9604 Lütisburg, Switzerland
Wissenbach 1, 8342 Hinwil, Switzerland
Wolfensberg, 9113 Degersheim, Switzerland
Wolftole 1, 3914 Belalp, Switzerland
Wyssmülleriweg 10, 3792 Saanen, Switzerland
Wärgistalstrasse 72, 3818 Grindelwald, Switzerland
Zen Steckenstrasse 4, 3920 Zermatt, Switzerland
Zentriegustrasse 12, 3935 Bürchen, Switzerland
Zentrum 4, 6356 Rigi Kaltbad, Switzerland
Zihlstrasse 53, 5712 Beinwil am See, Switzerland
Zinal, 3961 Ayer, Switzerland
Zollhaus 1, 6074 Giswil, Switzerland
Zollstrasse 16, 9490 Vaduz, Liechtenstein
Zona Campra, 6718 Olivone, Switzerland
Zona Scona 17, 6718 Olivone, Switzerland
Zona Scona 96, 6718 Olivone, Switzerland
Zuberweg 4, 3608 Thun, Switzerland
Zumhofstrasse 258, 6010 Kriens, Switzerland
Zur Matte, 3803 Beatenberg, Switzerland
Zähringerstrasse 24, 6003 Luzern, Switzerland
a, Via Principela 20, 7523 Madulain, Switzerland
b. Schwyz CH, Ibergereggstrasse 35, 6432 Rickenbach, Switzerland
bar, restaurant, hostel, hotel, Alpinaweg 3, 8784 Braunwald, Switzerland
chemin des ceintres 12, 1985 Evolène, Switzerland
col bertol 1, 1986 Evolène, Switzerland
di, Via, Ala Ciosascia 28, 6677 Ronchini, Switzerland
i.S, Bühlbergstrasse 23, 3775 Lenk, Switzerland
mettmen 2, 8762 Schwanden, Switzerland
ob Sigriswil CH, Schwandenstrasse 65, 3657 Schwanden (Sigriswil), Switzerland
route d' Allières 83, 1669 Haut-Intyamon, Switzerland
route de Tête-de-Ran 1, 2052 Vue-des-Alpes, Switzerland
route de l' Arnon 16, 1431 Vugelles-La Mothe, Switzerland
route de l'évêque 1, 1986 Arolla, Switzerland
rue Montferrier 15, 3961 Zinal, Switzerland
ruelle Pierre-Boulanger 5, 2115 Buttes, Switzerland
strada cantonale, 6565 Mesocco, Switzerland
sur Montreux CH, Rte de Caux 16, 1823 Glion, Switzerland
u. Maressenstrasse 17, 3954 Leukerbad, Switzerland
u. Waldpromenade 24, 7050 Arosa, Switzerland
via dal malogja 18, 7517 plaun d lej, Switzerland
Ägerten 1079C, 3825 Mürren, Switzerland
Äussere Dorfstrasse 19, 3718 Kandersteg, Switzerland
Äussere Dorfstrasse 92, 3718 Kandersteg, Switzerland
Беттен, 3992 Bettmeralp, Switzerland
ホーフ 19, 7057 Langwies, Switzerland
